[
  {
    "id": "9bd043e2-b17e-4553-b5b0-0ab5d5f2357d",
    "data": [
      {
        "text": "A",
        "meta": "@sys.ignore",
        "userDefined": false
      },
      {
        "text": "  block",
        "userDefined": false
      }
    ],
    "isTemplate": false,
    "count": 0,
    "updated": 1535469561
  },
  {
    "id": "f365ba5e-1975-4481-b52b-991d427ddf89",
    "data": [
      {
        "text": "a",
        "meta": "@sys.ignore",
        "userDefined": false
      },
      {
        "text": " block",
        "userDefined": false
      }
    ],
    "isTemplate": false,
    "count": 2,
    "updated": 1535469561
  }
]