[
  {
    "id": "eac141c2-614e-4b2d-8283-878e01724839",
    "data": [
      {
        "text": "Aashain",
        "userDefined": false
      }
    ],
    "isTemplate": false,
    "count": 0,
    "updated": 1535474433
  },
  {
    "id": "4907546b-638c-40b1-85af-1807b1ed673f",
    "data": [
      {
        "text": "aashaein",
        "userDefined": false
      }
    ],
    "isTemplate": false,
    "count": 0,
    "updated": 1535474433
  },
  {
    "id": "a125e59a-b7dd-425f-a367-4638dd52a7e6",
    "data": [
      {
        "text": "ashayein",
        "userDefined": false
      }
    ],
    "isTemplate": false,
    "count": 0,
    "updated": 1535474433
  },
  {
    "id": "0517beff-01f6-4269-acf1-9e012a9d53f0",
    "data": [
      {
        "text": "Aasha",
        "userDefined": false
      }
    ],
    "isTemplate": false,
    "count": 1,
    "updated": 1535474433
  },
  {
    "id": "2487ce2b-900b-44ba-8ad7-43007a1e7298",
    "data": [
      {
        "text": "Aashayein",
        "userDefined": false
      }
    ],
    "isTemplate": false,
    "count": 0,
    "updated": 1535474433
  },
  {
    "id": "a17f72e4-337d-40d6-95a1-260e5d5abe56",
    "data": [
      {
        "text": "Tell me something about aashayein",
        "userDefined": false
      }
    ],
    "isTemplate": false,
    "count": 0,
    "updated": 1535474433
  },
  {
    "id": "97ce6b91-d1dd-4b18-8e71-cda5d635897f",
    "data": [
      {
        "text": "ashaein",
        "userDefined": false
      }
    ],
    "isTemplate": false,
    "count": 0,
    "updated": 1535474433
  }
]