[
  {
    "id": "8aa9fa04-ade1-4cbe-b6e6-7a6af21a4319",
    "data": [
      {
        "text": "sorry",
        "userDefined": false
      }
    ],
    "isTemplate": false,
    "count": 0,
    "updated": 1525431918
  },
  {
    "id": "617e6a63-dd95-4bec-b8a1-906acbee961b",
    "data": [
      {
        "text": "once more",
        "userDefined": false
      }
    ],
    "isTemplate": false,
    "count": 0,
    "updated": 1525431918
  },
  {
    "id": "31afb263-766f-4a57-bb38-7d7c8f85667d",
    "data": [
      {
        "text": "pardon",
        "userDefined": false
      }
    ],
    "isTemplate": false,
    "count": 0,
    "updated": 1525431918
  },
  {
    "id": "ff83ad7e-0c8c-4fec-8111-bd683f4cf14e",
    "data": [
      {
        "text": "one more time",
        "userDefined": false
      }
    ],
    "isTemplate": false,
    "count": 0,
    "updated": 1525431918
  },
  {
    "id": "707ab577-20ff-4284-8b57-82498d641a1d",
    "data": [
      {
        "text": "repeat",
        "userDefined": false
      }
    ],
    "isTemplate": false,
    "count": 0,
    "updated": 1525431918
  },
  {
    "id": "69344abc-138c-4435-951b-1339ba64b49d",
    "data": [
      {
        "text": "again",
        "userDefined": false
      }
    ],
    "isTemplate": false,
    "count": 0,
    "updated": 1525431918
  },
  {
    "id": "36809e4e-bd2d-4d4e-9a2b-168bb5a429e7",
    "data": [
      {
        "text": "please one more time",
        "userDefined": false
      }
    ],
    "isTemplate": false,
    "count": 1,
    "updated": 1525431918
  }
]