[
  {
    "id": "c138842f-fb07-4b7c-9658-dbbf1f5e7c23",
    "data": [
      {
        "text": "can you say ",
        "userDefined": false
      },
      {
        "text": "it",
        "meta": "@sys.ignore",
        "userDefined": false
      },
      {
        "text": " again",
        "userDefined": false
      }
    ],
    "isTemplate": false,
    "count": 0,
    "updated": 1523633804
  },
  {
    "id": "8efee6f9-9db9-42c5-963f-7fc5a09d5514",
    "data": [
      {
        "text": "sorry",
        "userDefined": false
      }
    ],
    "isTemplate": false,
    "count": 0,
    "updated": 1523633804
  },
  {
    "id": "8c168481-de33-43c8-9b7a-7eff89599e36",
    "data": [
      {
        "text": "what",
        "userDefined": false
      }
    ],
    "isTemplate": false,
    "count": 0,
    "updated": 1523633804
  },
  {
    "id": "8876cc46-7d1c-4709-9ad5-c6a41b42c24d",
    "data": [
      {
        "text": "pardon",
        "userDefined": false
      }
    ],
    "isTemplate": false,
    "count": 0,
    "updated": 1523633804
  },
  {
    "id": "3e072dff-8189-4726-ba23-3311b575379b",
    "data": [
      {
        "text": "again",
        "userDefined": false
      }
    ],
    "isTemplate": false,
    "count": 0,
    "updated": 1523633804
  },
  {
    "id": "46d44074-6371-479e-a8a7-fdf5ed9fac90",
    "data": [
      {
        "text": "repeat",
        "userDefined": false
      }
    ],
    "isTemplate": false,
    "count": 0,
    "updated": 1523633804
  }
]