[
  {
    "id": "3f526f92-7d2e-4c54-bc55-94fa4e8f3e6d",
    "data": [
      {
        "text": "No",
        "userDefined": false
      }
    ],
    "isTemplate": false,
    "count": 0,
    "updated": 1536825271
  },
  {
    "id": "e2ed367f-23f6-498b-b1c5-5d1ec8ec49ee",
    "data": [
      {
        "text": "I am not giving you another chance",
        "userDefined": false
      }
    ],
    "isTemplate": false,
    "count": 0,
    "updated": 1536825271
  },
  {
    "id": "266d370f-5894-4cc0-8984-f526deb2913e",
    "data": [
      {
        "text": "❌",
        "userDefined": false
      }
    ],
    "isTemplate": false,
    "count": 0,
    "updated": 1536825271
  },
  {
    "id": "eecdeb54-ed80-4467-85f4-efcc09ff17dd",
    "data": [
      {
        "text": "No you are rejected",
        "userDefined": false
      }
    ],
    "isTemplate": false,
    "count": 0,
    "updated": 1536825271
  }
]