[
  {
    "id": "fbd5fdf1-1ad2-4903-9b9b-5048103237ab",
    "data": [
      {
        "text": "a",
        "userDefined": false
      }
    ],
    "isTemplate": false,
    "count": 0,
    "updated": 1523608060
  },
  {
    "id": "bcdce5fd-a8e2-4d6e-8a9f-59825e162209",
    "data": [
      {
        "text": "number of students involved",
        "userDefined": false
      }
    ],
    "isTemplate": false,
    "count": 0,
    "updated": 1523608060
  },
  {
    "id": "f09d2d36-fb4f-41a2-b1f1-6318adbfd2e4",
    "data": [
      {
        "text": "head",
        "userDefined": false
      }
    ],
    "isTemplate": false,
    "count": 0,
    "updated": 1523608060
  },
  {
    "id": "f00d0a44-bac6-4521-aa4d-33d54d0fd62b",
    "data": [
      {
        "text": "more about ",
        "userDefined": false
      },
      {
        "text": "it",
        "meta": "@sys.ignore",
        "userDefined": false
      }
    ],
    "isTemplate": false,
    "count": 0,
    "updated": 1523537036
  },
  {
    "id": "5ecb4ad5-20d2-4f6d-986a-d19383829705",
    "data": [
      {
        "text": "major events of attrangi",
        "userDefined": false
      }
    ],
    "isTemplate": false,
    "count": 0,
    "updated": 1523536614
  },
  {
    "id": "d78875ab-81a3-460d-a8c8-ac295fa81cfa",
    "data": [
      {
        "text": "more information",
        "userDefined": false
      }
    ],
    "isTemplate": false,
    "count": 0,
    "updated": 1523536614
  },
  {
    "id": "9a83518d-cdfb-4f9a-8beb-d386c8bea2d2",
    "data": [
      {
        "text": "some further information",
        "userDefined": false
      }
    ],
    "isTemplate": false,
    "count": 0,
    "updated": 1523536614
  },
  {
    "id": "1f4a9be5-ea33-434f-9592-d760eac8e18d",
    "data": [
      {
        "text": "contact",
        "userDefined": false
      }
    ],
    "isTemplate": false,
    "count": 0,
    "updated": 1523536614
  },
  {
    "id": "2b189a28-0222-43cd-881a-77a68014de3c",
    "data": [
      {
        "text": "take part in ",
        "userDefined": false
      },
      {
        "text": "it",
        "meta": "@sys.ignore",
        "userDefined": false
      }
    ],
    "isTemplate": false,
    "count": 1,
    "updated": 1523536614
  },
  {
    "id": "5f857649-bcac-4f5f-bd4d-4c86b4cfc010",
    "data": [
      {
        "text": "participate",
        "userDefined": false
      }
    ],
    "isTemplate": false,
    "count": 0,
    "updated": 1523536614
  }
]