[
  {
    "id": "78a94396-aef5-431e-ba8b-35f80b05d4e8",
    "data": [
      {
        "text": "attrangi",
        "userDefined": false
      }
    ],
    "isTemplate": false,
    "count": 0,
    "updated": 1535476522
  },
  {
    "id": "ec0d4ff8-9b29-447a-8ea6-c81d1cc6b8cf",
    "data": [
      {
        "text": "atrrangi",
        "userDefined": false
      }
    ],
    "isTemplate": false,
    "count": 1,
    "updated": 1535476522
  },
  {
    "id": "b3dd2166-05d8-438c-a52e-ff23d4cad8b7",
    "data": [
      {
        "text": "atrangi",
        "userDefined": false
      }
    ],
    "isTemplate": false,
    "count": 0,
    "updated": 1535476522
  },
  {
    "id": "ac2b67f4-398f-4df1-bd84-4e2b8885cef7",
    "data": [
      {
        "text": "attrangi group",
        "userDefined": false
      }
    ],
    "isTemplate": false,
    "count": 0,
    "updated": 1535476522
  }
]