[
  {
    "id": "8e3d2301-d78d-40ea-bdcf-685f27d79bfc",
    "data": [
      {
        "text": "jecrc",
        "alias": "college",
        "meta": "@college",
        "userDefined": false
      },
      {
        "text": " achievement",
        "userDefined": false
      }
    ],
    "isTemplate": false,
    "count": 0,
    "updated": 1526784940
  },
  {
    "id": "6709a187-d178-49a1-9e59-d750ca75d1dc",
    "data": [
      {
        "text": "nirf ranking of ",
        "userDefined": false
      },
      {
        "text": "jecrc",
        "alias": "college",
        "meta": "@college",
        "userDefined": false
      }
    ],
    "isTemplate": false,
    "count": 0,
    "updated": 1526784940
  },
  {
    "id": "f1c2ec1d-914c-4e86-ae90-f2e8ceb6306d",
    "data": [
      {
        "text": "achievement",
        "userDefined": false
      }
    ],
    "isTemplate": false,
    "count": 0,
    "updated": 1526784940
  },
  {
    "id": "7f47bad7-6a9a-4668-af04-0da27e3c837f",
    "data": [
      {
        "text": "nirf ranking",
        "userDefined": false
      }
    ],
    "isTemplate": false,
    "count": 0,
    "updated": 1526784940
  },
  {
    "id": "18c3416a-7d57-4902-b027-73a3b689f6c1",
    "data": [
      {
        "text": "awards",
        "userDefined": false
      }
    ],
    "isTemplate": false,
    "count": 0,
    "updated": 1526784940
  },
  {
    "id": "f0b08d90-949d-47fe-9946-cbfb3b2d920b",
    "data": [
      {
        "text": "success",
        "userDefined": false
      }
    ],
    "isTemplate": false,
    "count": 0,
    "updated": 1526784940
  },
  {
    "id": "a0c469bc-ac3f-4432-b471-8462e0d89d32",
    "data": [
      {
        "text": "rtu ranking of ",
        "userDefined": false
      },
      {
        "text": "jecrc",
        "alias": "college",
        "meta": "@college",
        "userDefined": false
      }
    ],
    "isTemplate": false,
    "count": 0,
    "updated": 1526784940
  },
  {
    "id": "e1b4af7a-1a26-4c1a-a98a-c4aca4b1b798",
    "data": [
      {
        "text": "sucess in last years",
        "userDefined": false
      }
    ],
    "isTemplate": false,
    "count": 0,
    "updated": 1526784940
  },
  {
    "id": "57a08ff1-0fce-4af8-bceb-c4d846cb4052",
    "data": [
      {
        "text": "achievements at ",
        "userDefined": false
      },
      {
        "text": "jecrc",
        "alias": "college",
        "meta": "@college",
        "userDefined": false
      }
    ],
    "isTemplate": false,
    "count": 0,
    "updated": 1526784940
  },
  {
    "id": "65ff2aa9-d90b-4bc7-a7d0-3cbd5960c16c",
    "data": [
      {
        "text": "honours of jecrc",
        "userDefined": false
      }
    ],
    "isTemplate": false,
    "count": 0,
    "updated": 1526784940
  },
  {
    "id": "759c4d63-e66b-4dbb-830d-5ba3da14c2e2",
    "data": [
      {
        "text": "achievement of ",
        "userDefined": false
      },
      {
        "text": "jecrc",
        "alias": "college",
        "meta": "@college",
        "userDefined": false
      }
    ],
    "isTemplate": false,
    "count": 0,
    "updated": 1526784940
  },
  {
    "id": "77396d94-ca36-4156-9473-79eff9d57c7a",
    "data": [
      {
        "text": "all ",
        "userDefined": false
      },
      {
        "text": "india",
        "alias": "geo-country",
        "meta": "@sys.geo-country",
        "userDefined": false
      },
      {
        "text": " ranking",
        "userDefined": false
      }
    ],
    "isTemplate": false,
    "count": 0,
    "updated": 1526784940
  },
  {
    "id": "7743fc33-90e9-4647-90d7-329f2a1e1b8a",
    "data": [
      {
        "text": "sucess",
        "userDefined": false
      }
    ],
    "isTemplate": false,
    "count": 0,
    "updated": 1526784940
  },
  {
    "id": "05bae36c-6554-4807-89f8-0c92a40d2fe7",
    "data": [
      {
        "text": "ranking of this college",
        "userDefined": false
      }
    ],
    "isTemplate": false,
    "count": 0,
    "updated": 1526784940
  },
  {
    "id": "1d7c557c-ff3f-4b07-8a57-2f32e912c053",
    "data": [
      {
        "text": "rank of ",
        "userDefined": false
      },
      {
        "text": "jecrc",
        "alias": "college",
        "meta": "@college",
        "userDefined": false
      },
      {
        "text": " in rtu",
        "userDefined": false
      }
    ],
    "isTemplate": false,
    "count": 0,
    "updated": 1526784940
  },
  {
    "id": "5d2b0dfa-cd42-4390-8019-e1fc6ea52096",
    "data": [
      {
        "text": "achievements",
        "userDefined": false
      }
    ],
    "isTemplate": false,
    "count": 0,
    "updated": 1526784940
  }
]