[
  {
    "id": "f2745e66-a8e8-4068-a435-99e894967948",
    "data": [
      {
        "text": "repeat ",
        "userDefined": false
      },
      {
        "text": "it",
        "meta": "@sys.ignore",
        "userDefined": false
      }
    ],
    "isTemplate": false,
    "count": 0,
    "updated": 1526784739
  },
  {
    "id": "13f89df1-e10c-4181-bcae-15546f5f141e",
    "data": [
      {
        "text": "again please",
        "userDefined": false
      }
    ],
    "isTemplate": false,
    "count": 0,
    "updated": 1526784739
  },
  {
    "id": "82de4ba2-58ad-4f02-b706-8398bc325d29",
    "data": [
      {
        "text": "sorry",
        "userDefined": false
      }
    ],
    "isTemplate": false,
    "count": 0,
    "updated": 1526784739
  },
  {
    "id": "9eefb5e8-9b5b-4851-bd8b-ac13387cfc36",
    "data": [
      {
        "text": "repeat ",
        "userDefined": false
      },
      {
        "text": "it",
        "meta": "@sys.ignore",
        "userDefined": false
      },
      {
        "text": " again",
        "userDefined": false
      }
    ],
    "isTemplate": false,
    "count": 0,
    "updated": 1526784739
  },
  {
    "id": "28c21760-58a4-44fa-bd34-5457b744987c",
    "data": [
      {
        "text": "again",
        "userDefined": false
      }
    ],
    "isTemplate": false,
    "count": 0,
    "updated": 1526784739
  },
  {
    "id": "42543474-642f-43a7-a160-185469502e3f",
    "data": [
      {
        "text": "please tell ",
        "userDefined": false
      },
      {
        "text": "it",
        "meta": "@sys.ignore",
        "userDefined": false
      },
      {
        "text": " slowly",
        "userDefined": false
      }
    ],
    "isTemplate": false,
    "count": 0,
    "updated": 1526784739
  },
  {
    "id": "30016773-6c46-4773-ab8e-50bb80855b3c",
    "data": [
      {
        "text": "pardon",
        "userDefined": false
      }
    ],
    "isTemplate": false,
    "count": 0,
    "updated": 1526784739
  },
  {
    "id": "5d5afbdb-0d6d-433d-b63d-8116b21d82da",
    "data": [
      {
        "text": "once again",
        "userDefined": false
      }
    ],
    "isTemplate": false,
    "count": 0,
    "updated": 1526784739
  }
]