[
  {
    "id": "8e2711f6-9aa8-43e9-9b5a-0ae950cf59f5",
    "data": [
      {
        "text": "I am your best friend?",
        "userDefined": false
      }
    ],
    "isTemplate": false,
    "count": 0,
    "updated": 1527965764
  },
  {
    "id": "cb310064-6f21-4457-be4d-338e6a483872",
    "data": [
      {
        "text": "How can i become your best friend",
        "userDefined": false
      }
    ],
    "isTemplate": false,
    "count": 0,
    "updated": 1527965764
  },
  {
    "id": "f9fd6a0f-631c-4bab-9346-868813aa6b42",
    "data": [
      {
        "text": "Can we become friend",
        "userDefined": false
      }
    ],
    "isTemplate": false,
    "count": 0,
    "updated": 1527965764
  },
  {
    "id": "3d28a2ad-f1c3-41bc-a284-fe9dafa5e9d1",
    "data": [
      {
        "text": "I want to become your best friend",
        "userDefined": false
      }
    ],
    "isTemplate": false,
    "count": 0,
    "updated": 1527965764
  },
  {
    "id": "8b50dd31-9789-4d79-baa0-944ea3a0c689",
    "data": [
      {
        "text": "Can we become best friend",
        "userDefined": false
      }
    ],
    "isTemplate": false,
    "count": 0,
    "updated": 1527965764
  }
]