[
  {
    "id": "745feade-cd82-43c3-bd2d-cefffe0f73e7",
    "data": [
      {
        "text": "what are the bTech  programmes offers in ",
        "userDefined": false
      },
      {
        "text": "JECRC",
        "meta": "@sys.ignore",
        "userDefined": false
      },
      {
        "text": ".",
        "userDefined": false
      }
    ],
    "isTemplate": false,
    "count": 0,
    "updated": 1524141565
  },
  {
    "id": "31c776f2-29cf-4d85-a7b6-9f202528aba4",
    "data": [
      {
        "text": "courses",
        "userDefined": false
      }
    ],
    "isTemplate": false,
    "count": 0,
    "updated": 1524141565
  },
  {
    "id": "21d65616-8b97-42d5-8bfa-4801a9666ab4",
    "data": [
      {
        "text": "branch",
        "userDefined": false
      }
    ],
    "isTemplate": false,
    "count": 0,
    "updated": 1524141565
  },
  {
    "id": "39ce7b8d-2574-464a-9487-040606e1c952",
    "data": [
      {
        "text": "branchs offer",
        "userDefined": false
      }
    ],
    "isTemplate": false,
    "count": 0,
    "updated": 1524141565
  },
  {
    "id": "b3ca915f-9531-4fac-9659-dfd7a98e0b49",
    "data": [
      {
        "text": "branches",
        "userDefined": false
      }
    ],
    "isTemplate": false,
    "count": 0,
    "updated": 1524141565
  },
  {
    "id": "40d8a579-9d7f-4009-8664-ab05fc8d04e0",
    "data": [
      {
        "text": "jecrc",
        "alias": "college",
        "meta": "@college",
        "userDefined": false
      },
      {
        "text": " courses",
        "userDefined": false
      }
    ],
    "isTemplate": false,
    "count": 0,
    "updated": 1524141565
  },
  {
    "id": "cba48f9d-735c-480e-abc3-a464a689b1c4",
    "data": [
      {
        "text": "courses at ",
        "userDefined": false
      },
      {
        "text": "jecrc",
        "alias": "college",
        "meta": "@college",
        "userDefined": false
      }
    ],
    "isTemplate": false,
    "count": 0,
    "updated": 1524141565
  }
]