[
  {
    "id": "759698a5-d7f3-4eb3-ac16-72ea25777851",
    "data": [
      {
        "text": "repeat",
        "userDefined": false
      }
    ],
    "isTemplate": false,
    "count": 0,
    "updated": 1524811452
  },
  {
    "id": "6df2d812-f3c6-4e0b-b4b0-ff72bb623a36",
    "data": [
      {
        "text": "once again",
        "userDefined": false
      }
    ],
    "isTemplate": false,
    "count": 0,
    "updated": 1524811452
  },
  {
    "id": "11d8fdc3-6331-4b7f-9ee5-197617851279",
    "data": [
      {
        "text": "sorry",
        "userDefined": false
      }
    ],
    "isTemplate": false,
    "count": 0,
    "updated": 1524811452
  },
  {
    "id": "f0415fd8-4bfa-4879-aa44-aac988dc1499",
    "data": [
      {
        "text": "again",
        "userDefined": false
      }
    ],
    "isTemplate": false,
    "count": 0,
    "updated": 1524811452
  },
  {
    "id": "3e2af6c5-5285-4da7-9628-fd3872373e8f",
    "data": [
      {
        "text": "tell me again",
        "userDefined": false
      }
    ],
    "isTemplate": false,
    "count": 0,
    "updated": 1524811452
  },
  {
    "id": "ce62afa6-fac7-4fce-884b-6342f19cb18e",
    "data": [
      {
        "text": "pardon",
        "userDefined": false
      }
    ],
    "isTemplate": false,
    "count": 0,
    "updated": 1524811452
  },
  {
    "id": "5a935736-ed3e-4817-90dd-0381d4dfced9",
    "data": [
      {
        "text": "please repeat",
        "userDefined": false
      }
    ],
    "isTemplate": false,
    "count": 0,
    "updated": 1524811452
  }
]