[
  {
    "id": "ac947dde-dbba-4cb5-b4f8-9cbf16f3f46c",
    "data": [
      {
        "text": "class of ",
        "userDefined": false
      },
      {
        "text": "first",
        "alias": "ordinal",
        "meta": "@sys.ordinal",
        "userDefined": false
      },
      {
        "text": " year student",
        "userDefined": false
      }
    ],
    "isTemplate": false,
    "count": 0,
    "updated": 1524575123
  },
  {
    "id": "4b00b2ca-f508-421d-b487-187344c6bd9b",
    "data": [
      {
        "text": " classes of ",
        "userDefined": false
      },
      {
        "text": "1st",
        "alias": "date",
        "meta": "@sys.date",
        "userDefined": false
      },
      {
        "text": " year student takes place",
        "userDefined": false
      }
    ],
    "isTemplate": false,
    "count": 0,
    "updated": 1524575123
  },
  {
    "id": "f3109cac-1aad-4e42-ac0d-95e97cdb5f62",
    "data": [
      {
        "text": "details of c block",
        "userDefined": false
      }
    ],
    "isTemplate": false,
    "count": 0,
    "updated": 1524575123
  },
  {
    "id": "47dbb5f1-f025-463d-8ebf-41fe9412ad27",
    "data": [
      {
        "text": "block c",
        "userDefined": false
      }
    ],
    "isTemplate": false,
    "count": 0,
    "updated": 1524575123
  },
  {
    "id": "0ca59d53-863d-499f-b357-75db53440081",
    "data": [
      {
        "text": "c block",
        "userDefined": false
      }
    ],
    "isTemplate": false,
    "count": 0,
    "updated": 1524575123
  }
]