[
  {
    "id": "28dc33c5-9765-4667-8800-e9f65f679efe",
    "data": [
      {
        "text": "J Cafe",
        "userDefined": false
      }
    ],
    "isTemplate": false,
    "count": 0,
    "updated": 1523634760
  },
  {
    "id": "d44edb3c-1c55-4afe-bf3f-775aa07e035f",
    "data": [
      {
        "text": "cafeteria located?",
        "userDefined": false
      }
    ],
    "isTemplate": false,
    "count": 0,
    "updated": 1523634760
  },
  {
    "id": "e4d8a0b1-ac0d-439d-befa-fcba01274ef3",
    "data": [
      {
        "text": "jcafe",
        "userDefined": false
      }
    ],
    "isTemplate": false,
    "count": 0,
    "updated": 1523634760
  },
  {
    "id": "bde2d53c-a771-48f6-8008-2e1cae669c0b",
    "data": [
      {
        "text": "timings of cafeteria?",
        "userDefined": false
      }
    ],
    "isTemplate": false,
    "count": 0,
    "updated": 1523634760
  },
  {
    "id": "99b9e5a2-b4a2-4f0f-b45e-3aa438bb9032",
    "data": [
      {
        "text": "cafetria",
        "userDefined": false
      }
    ],
    "isTemplate": false,
    "count": 0,
    "updated": 1523634760
  },
  {
    "id": "8eacba82-736e-47ae-856d-aeb0e774d2f8",
    "data": [
      {
        "text": "cafe",
        "userDefined": false
      }
    ],
    "isTemplate": false,
    "count": 0,
    "updated": 1523634760
  },
  {
    "id": "92fb7b48-206c-41b3-b9b6-8885c8be7aee",
    "data": [
      {
        "text": "cafeteria",
        "userDefined": false
      }
    ],
    "isTemplate": false,
    "count": 0,
    "updated": 1523634760
  }
]