[
  {
    "id": "6f776b90-5db8-470f-9727-add28ebef713",
    "data": [
      {
        "text": "shades of ",
        "userDefined": false
      },
      {
        "text": "magenta",
        "alias": "color",
        "meta": "@sys.color",
        "userDefined": false
      }
    ],
    "isTemplate": false,
    "count": 0,
    "updated": 1527929494
  },
  {
    "id": "2c724305-aac9-4e14-b35a-b4d6b2809fad",
    "data": [
      {
        "text": "what are the shades of ",
        "userDefined": false
      },
      {
        "text": "magenta",
        "alias": "color",
        "meta": "@sys.color",
        "userDefined": false
      }
    ],
    "isTemplate": false,
    "count": 0,
    "updated": 1527929494
  },
  {
    "id": "9912c1be-b1b2-4818-b1be-6b07306d5bc7",
    "data": [
      {
        "text": "can you tell me the shades of ",
        "userDefined": false
      },
      {
        "text": "magenta",
        "alias": "color",
        "meta": "@sys.color",
        "userDefined": false
      }
    ],
    "isTemplate": false,
    "count": 0,
    "updated": 1527929494
  }
]