[
  {
    "id": "66259fd2-dd65-43d8-9cec-55acf3dfeadb",
    "data": [
      {
        "text": "repeat ",
        "userDefined": false
      },
      {
        "text": "it",
        "meta": "@sys.ignore",
        "userDefined": false
      },
      {
        "text": " again",
        "userDefined": false
      }
    ],
    "isTemplate": false,
    "count": 0,
    "updated": 1523635182
  },
  {
    "id": "e4f56860-2116-4ca4-98ac-877fd16509da",
    "data": [
      {
        "text": "sorry",
        "userDefined": false
      }
    ],
    "isTemplate": false,
    "count": 0,
    "updated": 1523635182
  },
  {
    "id": "d688a285-00fe-402f-ba56-23ff76c10aa4",
    "data": [
      {
        "text": "say again",
        "userDefined": false
      }
    ],
    "isTemplate": false,
    "count": 0,
    "updated": 1523635182
  },
  {
    "id": "4b7aeb38-95ab-48da-ba87-8af519a66d67",
    "data": [
      {
        "text": "pardon",
        "userDefined": false
      }
    ],
    "isTemplate": false,
    "count": 0,
    "updated": 1523635182
  },
  {
    "id": "d712a5bf-b2de-49d1-96c9-71d9c3562f1f",
    "data": [
      {
        "text": "can you repeat ",
        "userDefined": false
      },
      {
        "text": "it",
        "meta": "@sys.ignore",
        "userDefined": false
      },
      {
        "text": " again",
        "userDefined": false
      }
    ],
    "isTemplate": false,
    "count": 0,
    "updated": 1523635182
  }
]