[
  {
    "id": "c4c85554-e0c8-445c-b0b9-580dc0fe9142",
    "data": [
      {
        "text": "transportation facilities",
        "userDefined": false
      }
    ],
    "isTemplate": false,
    "count": 0,
    "updated": 1523634954
  },
  {
    "id": "d30d824a-42ea-4acc-96c1-bc5170a50b84",
    "data": [
      {
        "text": "Transportation",
        "userDefined": false
      }
    ],
    "isTemplate": false,
    "count": 0,
    "updated": 1523634954
  },
  {
    "id": "a6971af6-e507-4874-b497-1b2ba4f5b832",
    "data": [
      {
        "text": "contact no. of transport",
        "userDefined": false
      }
    ],
    "isTemplate": false,
    "count": 0,
    "updated": 1523633993
  },
  {
    "id": "dabd60e0-a258-4194-a4bb-d2ee32d059fc",
    "data": [
      {
        "text": "transport",
        "userDefined": false
      }
    ],
    "isTemplate": false,
    "count": 0,
    "updated": 1523633993
  },
  {
    "id": "23075fb6-91fc-4217-b42d-3c5a28998969",
    "data": [
      {
        "text": "transport facility",
        "userDefined": false
      }
    ],
    "isTemplate": false,
    "count": 0,
    "updated": 1523633993
  }
]