[
  {
    "id": "7e7d11f1-1fc1-4313-9ef6-d55077d79cd1",
    "data": [
      {
        "text": "contact no. of transport",
        "userDefined": false
      }
    ],
    "isTemplate": false,
    "count": 0,
    "updated": 1524375146
  },
  {
    "id": "8606db23-bbad-4069-99db-c9614ba5d515",
    "data": [
      {
        "text": "transport in college",
        "userDefined": false
      }
    ],
    "isTemplate": false,
    "count": 0,
    "updated": 1524375146
  },
  {
    "id": "fd78f8ee-6517-4649-a6d8-e9e54a4ba715",
    "data": [
      {
        "text": "transport facility",
        "userDefined": false
      }
    ],
    "isTemplate": false,
    "count": 0,
    "updated": 1524375146
  },
  {
    "id": "ff37e4e6-29eb-4192-86ef-15e227de7286",
    "data": [
      {
        "text": "transport",
        "userDefined": false
      }
    ],
    "isTemplate": false,
    "count": 0,
    "updated": 1524375146
  },
  {
    "id": "e4692d8b-b24b-41e7-a981-39cb7c89dff9",
    "data": [
      {
        "text": "transportation facilities",
        "userDefined": false
      }
    ],
    "isTemplate": false,
    "count": 0,
    "updated": 1524375146
  },
  {
    "id": "34bace1a-d3c0-4250-b793-cb14344f07b1",
    "data": [
      {
        "text": "bus number of ju",
        "userDefined": false
      }
    ],
    "isTemplate": false,
    "count": 0,
    "updated": 1524375146
  },
  {
    "id": "c3692f3d-bd3b-4c55-b8f9-2e51e2521fce",
    "data": [
      {
        "text": "Transportation",
        "userDefined": false
      }
    ],
    "isTemplate": false,
    "count": 0,
    "updated": 1524375146
  }
]