[
  {
    "id": "3137124d-dd9c-4822-9d93-99fa2e88301a",
    "data": [
      {
        "text": "repeat ",
        "userDefined": false
      },
      {
        "text": "it",
        "meta": "@sys.ignore",
        "userDefined": false
      },
      {
        "text": " again",
        "userDefined": false
      }
    ],
    "isTemplate": false,
    "count": 0,
    "updated": 1523635182
  },
  {
    "id": "6f79c59b-80e2-406c-9d6d-6df76afa6dbd",
    "data": [
      {
        "text": "sorry",
        "userDefined": false
      }
    ],
    "isTemplate": false,
    "count": 0,
    "updated": 1523635182
  },
  {
    "id": "edb1bb42-5b2a-4f07-b0c1-514bd55e8b94",
    "data": [
      {
        "text": "say again",
        "userDefined": false
      }
    ],
    "isTemplate": false,
    "count": 0,
    "updated": 1523635182
  },
  {
    "id": "d76891ac-ab7c-400e-82ee-182e6541ad9d",
    "data": [
      {
        "text": "pardon",
        "userDefined": false
      }
    ],
    "isTemplate": false,
    "count": 0,
    "updated": 1523635182
  },
  {
    "id": "bb773673-d9f0-418b-8d6b-10cea476b669",
    "data": [
      {
        "text": "can you repeat ",
        "userDefined": false
      },
      {
        "text": "it",
        "meta": "@sys.ignore",
        "userDefined": false
      },
      {
        "text": " again",
        "userDefined": false
      }
    ],
    "isTemplate": false,
    "count": 0,
    "updated": 1523635182
  }
]