[
  {
    "id": "38064bd3-9f50-46d9-b549-b26e48dab364",
    "data": [
      {
        "text": "a",
        "userDefined": false
      }
    ],
    "isTemplate": false,
    "count": 0,
    "updated": 1523608114
  },
  {
    "id": "9933aa01-bebd-4dc6-a254-becceba71180",
    "data": [
      {
        "text": "number of students involved",
        "userDefined": false
      }
    ],
    "isTemplate": false,
    "count": 0,
    "updated": 1523608114
  },
  {
    "id": "a6967c03-9e4f-4c6a-821d-b30049c2e0e4",
    "data": [
      {
        "text": "head",
        "userDefined": false
      }
    ],
    "isTemplate": false,
    "count": 0,
    "updated": 1523608114
  },
  {
    "id": "3a77dbac-b3f0-4add-9312-2c0c7f75c983",
    "data": [
      {
        "text": "more about ",
        "userDefined": false
      },
      {
        "text": "it",
        "meta": "@sys.ignore",
        "userDefined": false
      }
    ],
    "isTemplate": false,
    "count": 0,
    "updated": 1523537106
  },
  {
    "id": "930eee96-43c2-49b7-8e82-edc499633fd9",
    "data": [
      {
        "text": "mazor events of zarurat?",
        "userDefined": false
      }
    ],
    "isTemplate": false,
    "count": 0,
    "updated": 1523537106
  },
  {
    "id": "a7472232-ee93-4fd9-9ee6-db6d5fd0e805",
    "data": [
      {
        "text": "more information?",
        "userDefined": false
      }
    ],
    "isTemplate": false,
    "count": 0,
    "updated": 1523537106
  },
  {
    "id": "3b7ebbaa-ba7d-4f7e-a736-89fb0bdf90ef",
    "data": [
      {
        "text": "want to know some further information?",
        "userDefined": false
      }
    ],
    "isTemplate": false,
    "count": 0,
    "updated": 1523537106
  },
  {
    "id": "394d2039-3de8-4cee-b5c4-0b4291fd63c5",
    "data": [
      {
        "text": "contact",
        "userDefined": false
      }
    ],
    "isTemplate": false,
    "count": 0,
    "updated": 1523537106
  },
  {
    "id": "fd7527d9-7dab-40d9-ac9e-f99cea4de430",
    "data": [
      {
        "text": " i contact this ",
        "userDefined": false
      },
      {
        "text": "group",
        "alias": "the",
        "meta": "@the",
        "userDefined": false
      },
      {
        "text": "?",
        "userDefined": false
      }
    ],
    "isTemplate": false,
    "count": 0,
    "updated": 1523537106
  },
  {
    "id": "8cb4c1df-412a-421d-a9ba-b8fe8baa5979",
    "data": [
      {
        "text": "take part in ",
        "userDefined": false
      },
      {
        "text": "it",
        "meta": "@sys.ignore",
        "userDefined": false
      },
      {
        "text": "?",
        "userDefined": false
      }
    ],
    "isTemplate": false,
    "count": 0,
    "updated": 1523537106
  },
  {
    "id": "60b99d35-0844-4464-ac49-b48e40a22f0f",
    "data": [
      {
        "text": "participate",
        "userDefined": false
      }
    ],
    "isTemplate": false,
    "count": 0,
    "updated": 1523537106
  }
]