[
  {
    "id": "f3a8c994-c6af-4839-b668-84a2ae35631f",
    "data": [
      {
        "text": "jaroorat",
        "userDefined": false
      }
    ],
    "isTemplate": false,
    "count": 0,
    "updated": 1532074159
  },
  {
    "id": "c8b75d0c-2793-40d0-8915-6ec2cc323c4b",
    "data": [
      {
        "text": "jarrurat",
        "userDefined": false
      }
    ],
    "isTemplate": false,
    "count": 0,
    "updated": 1532074159
  },
  {
    "id": "1086c82a-02f7-4798-ac0a-adcc6c019404",
    "data": [
      {
        "text": "zarurat",
        "userDefined": false
      }
    ],
    "isTemplate": false,
    "count": 0,
    "updated": 1532074159
  },
  {
    "id": "dc527a4f-ee85-4d2f-9220-9af166c26f09",
    "data": [
      {
        "text": "zarroorat",
        "userDefined": false
      }
    ],
    "isTemplate": false,
    "count": 0,
    "updated": 1532074159
  },
  {
    "id": "22375e38-1e16-468f-82cb-d68f3145c4fe",
    "data": [
      {
        "text": "jarurat",
        "userDefined": false
      }
    ],
    "isTemplate": false,
    "count": 0,
    "updated": 1532074159
  },
  {
    "id": "35ecbe30-66db-4d5d-8084-3f95d74b2279",
    "data": [
      {
        "text": "jarur",
        "userDefined": false
      }
    ],
    "isTemplate": false,
    "count": 0,
    "updated": 1532074159
  },
  {
    "id": "73559168-19b7-4800-8c39-05d5695daff9",
    "data": [
      {
        "text": "zaruat",
        "userDefined": false
      }
    ],
    "isTemplate": false,
    "count": 0,
    "updated": 1532074159
  },
  {
    "id": "5695d8d5-3188-4145-a4a3-c150e585c6e1",
    "data": [
      {
        "text": "Zaroorat",
        "userDefined": false
      }
    ],
    "isTemplate": false,
    "count": 0,
    "updated": 1532074159
  }
]