[
  {
    "id": "67bb6bcb-b251-4ccc-876e-8001de08bb0e",
    "data": [
      {
        "text": "once again",
        "userDefined": false
      }
    ],
    "isTemplate": false,
    "count": 0,
    "updated": 1525073271
  },
  {
    "id": "e66f3387-0926-492b-b8b4-6b8e3e1a7dfc",
    "data": [
      {
        "text": "repeat ",
        "userDefined": false
      },
      {
        "text": "it",
        "meta": "@sys.ignore",
        "userDefined": false
      }
    ],
    "isTemplate": false,
    "count": 0,
    "updated": 1525073271
  },
  {
    "id": "d415a3b8-bf70-40fd-83e2-e247c3e9111e",
    "data": [
      {
        "text": "tell me again",
        "userDefined": false
      }
    ],
    "isTemplate": false,
    "count": 0,
    "updated": 1525073271
  },
  {
    "id": "d9d334a6-e47c-44f0-ace2-5ca1a21f89f8",
    "data": [
      {
        "text": "again please",
        "userDefined": false
      }
    ],
    "isTemplate": false,
    "count": 0,
    "updated": 1525073271
  },
  {
    "id": "8e06a216-b77f-4f20-9788-ec4ad6afd0af",
    "data": [
      {
        "text": "pardon",
        "userDefined": false
      }
    ],
    "isTemplate": false,
    "count": 0,
    "updated": 1525073271
  },
  {
    "id": "05fa249f-37c3-42ea-bc3d-1804eaa521db",
    "data": [
      {
        "text": "slowly please",
        "userDefined": false
      }
    ],
    "isTemplate": false,
    "count": 0,
    "updated": 1525073271
  }
]