[
  {
    "id": "1167a4a6-1094-4de4-9416-bb678386b2e2",
    "data": [
      {
        "text": "Some more information about him",
        "userDefined": false
      }
    ],
    "isTemplate": false,
    "count": 0,
    "updated": 1526784329
  },
  {
    "id": "33553ec9-57bb-403d-8944-90c1aee6379d",
    "data": [
      {
        "text": "Breif details",
        "userDefined": false
      }
    ],
    "isTemplate": false,
    "count": 0,
    "updated": 1526784329
  },
  {
    "id": "ccf214c6-6f66-41bf-9dbf-eed686828247",
    "data": [
      {
        "text": "Anything extra",
        "userDefined": false
      }
    ],
    "isTemplate": false,
    "count": 0,
    "updated": 1526784329
  },
  {
    "id": "a8a14c21-6681-48f0-9155-d5b4ff593474",
    "data": [
      {
        "text": "More",
        "userDefined": false
      }
    ],
    "isTemplate": false,
    "count": 0,
    "updated": 1526784329
  },
  {
    "id": "8786b0a4-a0d8-44b7-a6b2-798eb2f59b15",
    "data": [
      {
        "text": "Can you tell me more about him",
        "userDefined": false
      }
    ],
    "isTemplate": false,
    "count": 0,
    "updated": 1526784329
  }
]