[
  {
    "id": "59cc4798-973d-435a-8ba0-42e1012bd4d9",
    "data": [
      {
        "text": "intro of director",
        "userDefined": false
      }
    ],
    "isTemplate": false,
    "count": 0,
    "updated": 1523683409
  },
  {
    "id": "c41957b0-fc7e-4de4-a473-e1437ac1fa5f",
    "data": [
      {
        "text": "intro of head",
        "userDefined": false
      }
    ],
    "isTemplate": false,
    "count": 0,
    "updated": 1523683409
  },
  {
    "id": "433acec4-65b5-471c-bb2e-2708968cad99",
    "data": [
      {
        "text": "director sir",
        "userDefined": false
      }
    ],
    "isTemplate": false,
    "count": 0,
    "updated": 1523683409
  },
  {
    "id": "588d4828-f891-422f-ae74-dd2898fd6fcf",
    "data": [
      {
        "text": "director",
        "userDefined": false
      }
    ],
    "isTemplate": false,
    "count": 0,
    "updated": 1523683409
  }
]