[
  {
    "id": "caecbeda-214e-4dce-a6af-8986e08a66d6",
    "data": [
      {
        "text": "director sir",
        "userDefined": false
      }
    ],
    "isTemplate": false,
    "count": 0,
    "updated": 1523683409
  },
  {
    "id": "487bc5b3-c361-4b98-b690-37dad0951904",
    "data": [
      {
        "text": "Can you please tell me about director of jecrc",
        "userDefined": false
      }
    ],
    "isTemplate": false,
    "count": 0,
    "updated": 1527954452
  },
  {
    "id": "52f08806-61d5-4b91-b892-300f92d88612",
    "data": [
      {
        "text": "intro of head",
        "userDefined": false
      }
    ],
    "isTemplate": false,
    "count": 0,
    "updated": 1523683409
  },
  {
    "id": "f3ac6816-aad0-4ae1-bb35-4fb11e35b95d",
    "data": [
      {
        "text": "arpit agarwal",
        "userDefined": false
      }
    ],
    "isTemplate": false,
    "count": 0,
    "updated": 1524562371
  },
  {
    "id": "cb9a7c97-3f4d-4cd6-9cdf-4c4503df6a29",
    "data": [
      {
        "text": "arpit sir",
        "userDefined": false
      }
    ],
    "isTemplate": false,
    "count": 0,
    "updated": 1524562371
  },
  {
    "id": "c5520e35-d4e9-4320-b5cd-ad3a714b6707",
    "data": [
      {
        "text": "arpit aggarwal",
        "userDefined": false
      }
    ],
    "isTemplate": false,
    "count": 0,
    "updated": 1524562371
  },
  {
    "id": "7b66a42c-970b-4de3-8d36-24c8ab38ec6a",
    "data": [
      {
        "text": "director",
        "userDefined": false
      }
    ],
    "isTemplate": false,
    "count": 0,
    "updated": 1523683409
  },
  {
    "id": "a3f96775-8859-42c1-b2af-27d201812501",
    "data": [
      {
        "text": "intro of director",
        "userDefined": false
      }
    ],
    "isTemplate": false,
    "count": 0,
    "updated": 1523683409
  }
]