[
  {
    "id": "19f7e12f-8eea-4292-a845-9c420bb622d0",
    "data": [
      {
        "text": "pardon",
        "userDefined": false
      }
    ],
    "isTemplate": false,
    "count": 0,
    "updated": 1523686833
  },
  {
    "id": "58b4e9fb-524d-48ea-babe-c85125040bee",
    "data": [
      {
        "text": "can you please repeat ",
        "userDefined": false
      },
      {
        "text": "it",
        "meta": "@sys.ignore",
        "userDefined": false
      }
    ],
    "isTemplate": false,
    "count": 0,
    "updated": 1523686833
  },
  {
    "id": "c5b93b36-025c-41c0-bf3a-3660cd95d808",
    "data": [
      {
        "text": "again",
        "userDefined": false
      }
    ],
    "isTemplate": false,
    "count": 0,
    "updated": 1523686833
  },
  {
    "id": "9dbdc174-55cb-4e60-bf11-4e3601f3ab39",
    "data": [
      {
        "text": "sorry",
        "userDefined": false
      }
    ],
    "isTemplate": false,
    "count": 0,
    "updated": 1523686833
  },
  {
    "id": "a86e290d-1e0d-4b22-b107-4b564209441e",
    "data": [
      {
        "text": "repeat",
        "userDefined": false
      }
    ],
    "isTemplate": false,
    "count": 0,
    "updated": 1523686833
  }
]