[
  {
    "id": "a11c7e36-2a55-435e-a769-fc74da4e1709",
    "data": [
      {
        "text": "principle",
        "userDefined": false
      }
    ],
    "isTemplate": false,
    "count": 0,
    "updated": 1523683881
  },
  {
    "id": "a735f3f6-6b2a-4553-9792-7bec8b35d36b",
    "data": [
      {
        "text": "Dr. Vinay Kumar Chandna, Principal",
        "userDefined": false
      }
    ],
    "isTemplate": false,
    "count": 0,
    "updated": 1523683881
  },
  {
    "id": "34f87959-1775-4770-b228-5cb1d5540e3e",
    "data": [
      {
        "text": "jecrc principal",
        "userDefined": false
      }
    ],
    "isTemplate": false,
    "count": 0,
    "updated": 1523683881
  },
  {
    "id": "2fcbf2b5-7c25-4cb7-8882-454e89c34647",
    "data": [
      {
        "text": "vk chandna",
        "userDefined": false
      }
    ],
    "isTemplate": false,
    "count": 0,
    "updated": 1524562572
  },
  {
    "id": "351379cb-a4e3-42f0-b90d-70d83ad93524",
    "data": [
      {
        "text": "principal ",
        "userDefined": false
      },
      {
        "text": "jecrc",
        "alias": "college",
        "meta": "@college",
        "userDefined": false
      }
    ],
    "isTemplate": false,
    "count": 0,
    "updated": 1524562572
  },
  {
    "id": "22ed853d-71cb-4ebd-b162-823b8138a224",
    "data": [
      {
        "text": "principal",
        "userDefined": false
      }
    ],
    "isTemplate": false,
    "count": 0,
    "updated": 1523683881
  }
]