[
  {
    "id": "2ea9cd04-b434-45ff-94c1-7616664558cd",
    "data": [
      {
        "text": "what",
        "userDefined": false
      }
    ],
    "isTemplate": false,
    "count": 0,
    "updated": 1523693849
  },
  {
    "id": "95b593d8-7986-437d-b6b4-aa820731ecf5",
    "data": [
      {
        "text": "sorry",
        "userDefined": false
      }
    ],
    "isTemplate": false,
    "count": 0,
    "updated": 1523693849
  },
  {
    "id": "dbbca7d1-4a59-4b92-beef-d04c9ac5e481",
    "data": [
      {
        "text": "pardon",
        "userDefined": false
      }
    ],
    "isTemplate": false,
    "count": 0,
    "updated": 1523693849
  },
  {
    "id": "a66ef233-cb1c-4d4b-8e0f-f7aee1c7a6eb",
    "data": [
      {
        "text": "say ",
        "userDefined": false
      },
      {
        "text": "it",
        "meta": "@sys.ignore",
        "userDefined": false
      },
      {
        "text": " again",
        "userDefined": false
      }
    ],
    "isTemplate": false,
    "count": 0,
    "updated": 1523693849
  },
  {
    "id": "a16b5929-7f06-4577-ae19-18e616174477",
    "data": [
      {
        "text": "repeat ",
        "userDefined": false
      },
      {
        "text": "it",
        "meta": "@sys.ignore",
        "userDefined": false
      },
      {
        "text": " please",
        "userDefined": false
      }
    ],
    "isTemplate": false,
    "count": 0,
    "updated": 1523693849
  }
]