[
  {
    "id": "1f201e24-8957-4f27-ba60-0f50167b022b",
    "data": [
      {
        "text": "can you tell me your favourite movie",
        "userDefined": false
      }
    ],
    "isTemplate": false,
    "count": 0,
    "updated": 1528391365
  },
  {
    "id": "17f2d233-a32d-4e12-b387-2bf174a79d72",
    "data": [
      {
        "text": "your best movie",
        "userDefined": false
      }
    ],
    "isTemplate": false,
    "count": 0,
    "updated": 1528392168
  },
  {
    "id": "0af66af2-b5f9-4247-ad50-08da0bc2a632",
    "data": [
      {
        "text": "which movie do you liked the most",
        "userDefined": false
      }
    ],
    "isTemplate": false,
    "count": 0,
    "updated": 1528392168
  },
  {
    "id": "158170c7-fa5e-410b-816a-5e5f5655e662",
    "data": [
      {
        "text": "favourite movie",
        "userDefined": false
      }
    ],
    "isTemplate": false,
    "count": 0,
    "updated": 1528391365
  }
]