[
  {
    "id": "ec7a3572-5f26-4fe6-be30-fae1c4fb39cd",
    "data": [
      {
        "text": "what is that movie about",
        "userDefined": false
      }
    ],
    "isTemplate": false,
    "count": 0,
    "updated": 1528392470
  },
  {
    "id": "0bb2e3e7-6706-4b6a-b426-74622d7cb181",
    "data": [
      {
        "text": "what do you know about that movie",
        "userDefined": false
      }
    ],
    "isTemplate": false,
    "count": 0,
    "updated": 1528392470
  },
  {
    "id": "8a980558-ddbb-4c10-8da0-3e2655fa5a44",
    "data": [
      {
        "text": "tell me something about that movie",
        "userDefined": false
      }
    ],
    "isTemplate": false,
    "count": 0,
    "updated": 1528392470
  },
  {
    "id": "94a6202f-8009-4924-ac84-e2e6d625057b",
    "data": [
      {
        "text": "what you liked about that movie",
        "userDefined": false
      }
    ],
    "isTemplate": false,
    "count": 0,
    "updated": 1528392470
  },
  {
    "id": "b25dfa71-237e-4ce5-90a7-fbab5d90130c",
    "data": [
      {
        "text": "story",
        "userDefined": false
      }
    ],
    "isTemplate": false,
    "count": 0,
    "updated": 1528392470
  },
  {
    "id": "00b5085f-a160-4372-a857-42c2c40afd0a",
    "data": [
      {
        "text": "story of the movie",
        "userDefined": false
      }
    ],
    "isTemplate": false,
    "count": 0,
    "updated": 1528392470
  },
  {
    "id": "bea70add-7876-4da3-8fb6-180884f6b054",
    "data": [
      {
        "text": "what is the movie about",
        "userDefined": false
      }
    ],
    "isTemplate": false,
    "count": 0,
    "updated": 1528392470
  }
]