[
  {
    "id": "77f73c58-a4ef-4229-b4dd-c0aee28fca11",
    "data": [
      {
        "text": "cultural fest",
        "userDefined": false
      }
    ],
    "isTemplate": false,
    "count": 0,
    "updated": 1523779551
  },
  {
    "id": "87896a6b-b9f6-4d2d-9fe9-c6f8ba9ee784",
    "data": [
      {
        "text": "renaissance",
        "userDefined": false
      }
    ],
    "isTemplate": false,
    "count": 0,
    "updated": 1523779551
  },
  {
    "id": "59bb03aa-a334-489d-b8b8-3051daf9c1f8",
    "data": [
      {
        "text": "fest",
        "userDefined": false
      }
    ],
    "isTemplate": false,
    "count": 0,
    "updated": 1523779551
  },
  {
    "id": "4d324027-d568-4bb7-bb0b-4c5a5ac1f154",
    "data": [
      {
        "text": "renaisa",
        "userDefined": false
      }
    ],
    "isTemplate": false,
    "count": 0,
    "updated": 1523779551
  },
  {
    "id": "c8aa3b6f-cd2e-483b-8ec4-8c806096da68",
    "data": [
      {
        "text": "college fest",
        "userDefined": false
      }
    ],
    "isTemplate": false,
    "count": 0,
    "updated": 1524303726
  },
  {
    "id": "98b7ec01-c856-404b-b52e-0a08e51d356a",
    "data": [
      {
        "text": "renisa",
        "userDefined": false
      }
    ],
    "isTemplate": false,
    "count": 0,
    "updated": 1523779551
  }
]