[
  {
    "id": "c0472df5-db52-4942-a91b-13bd33e7c38f",
    "data": [
      {
        "text": "say ",
        "userDefined": false
      },
      {
        "text": "it",
        "alias": "branches",
        "meta": "@branches",
        "userDefined": false
      },
      {
        "text": " again",
        "userDefined": false
      }
    ],
    "isTemplate": false,
    "count": 0,
    "updated": 1524566195
  },
  {
    "id": "85e0b890-43e2-4003-815b-754a56e4eb0e",
    "data": [
      {
        "text": "once more",
        "userDefined": false
      }
    ],
    "isTemplate": false,
    "count": 0,
    "updated": 1524566195
  },
  {
    "id": "a49e02f5-e7c0-4c19-8f2a-5094b50fc08d",
    "data": [
      {
        "text": "one more time please",
        "userDefined": false
      }
    ],
    "isTemplate": false,
    "count": 0,
    "updated": 1524566195
  },
  {
    "id": "362999e5-4fe8-48c7-b953-41acc9883adf",
    "data": [
      {
        "text": "again please",
        "userDefined": false
      }
    ],
    "isTemplate": false,
    "count": 0,
    "updated": 1524566195
  },
  {
    "id": "c4036b93-e057-4e74-a43c-b807785d2bff",
    "data": [
      {
        "text": "can you please tell that  again",
        "userDefined": false
      }
    ],
    "isTemplate": false,
    "count": 0,
    "updated": 1524566195
  },
  {
    "id": "97778225-d78b-427f-9203-af821ff31fbe",
    "data": [
      {
        "text": "can you repeat ",
        "userDefined": false
      },
      {
        "text": "it",
        "meta": "@sys.ignore",
        "userDefined": false
      },
      {
        "text": " again",
        "userDefined": false
      }
    ],
    "isTemplate": false,
    "count": 0,
    "updated": 1524566195
  },
  {
    "id": "2030ac33-eb01-4ba2-82af-784c4a7a5cda",
    "data": [
      {
        "text": "repeat ",
        "userDefined": false
      },
      {
        "text": "it",
        "alias": "branches",
        "meta": "@branches",
        "userDefined": false
      }
    ],
    "isTemplate": false,
    "count": 0,
    "updated": 1524566195
  }
]