[
  {
    "id": "17ee9d3a-dec0-4030-9de7-ede71faa848e",
    "data": [
      {
        "text": "repeat ",
        "userDefined": false
      },
      {
        "text": "it",
        "meta": "@sys.ignore",
        "userDefined": false
      },
      {
        "text": " again",
        "userDefined": false
      }
    ],
    "isTemplate": false,
    "count": 0,
    "updated": 1523683711
  },
  {
    "id": "cdd6ad66-f1ce-4be4-a150-ee35e1355c2b",
    "data": [
      {
        "text": "pardon",
        "userDefined": false
      }
    ],
    "isTemplate": false,
    "count": 0,
    "updated": 1523683711
  },
  {
    "id": "9fd0d172-ff5f-4ef8-8e62-4af0f6b592f4",
    "data": [
      {
        "text": "again",
        "userDefined": false
      }
    ],
    "isTemplate": false,
    "count": 0,
    "updated": 1523683711
  },
  {
    "id": "154b3bfe-9b30-4f69-b867-f6463773ed60",
    "data": [
      {
        "text": "sorry",
        "userDefined": false
      }
    ],
    "isTemplate": false,
    "count": 0,
    "updated": 1523683711
  },
  {
    "id": "d1ba7725-9828-44b4-af12-f2f67a514e8c",
    "data": [
      {
        "text": "repeat",
        "userDefined": false
      }
    ],
    "isTemplate": false,
    "count": 0,
    "updated": 1523683711
  }
]