[
  {
    "id": "707ec071-ce40-4ef8-9e8a-1795695a3f64",
    "data": [
      {
        "text": "Good morning",
        "userDefined": false
      }
    ],
    "isTemplate": false,
    "count": 0,
    "updated": 1535483506
  },
  {
    "id": "a04dbdd4-381c-4b8d-a6e7-d51da54cb702",
    "data": [
      {
        "text": "Gyaniji good morning",
        "userDefined": false
      }
    ],
    "isTemplate": false,
    "count": 0,
    "updated": 1535483506
  },
  {
    "id": "a2eb4196-8f91-404a-83ee-725148d0eeed",
    "data": [
      {
        "text": "Gyani good morning",
        "userDefined": false
      }
    ],
    "isTemplate": false,
    "count": 0,
    "updated": 1535483506
  }
]