[
  {
    "id": "b0cdc5ec-9d5a-4b97-a1e4-793379545be7",
    "data": [
      {
        "text": "courts",
        "userDefined": false
      }
    ],
    "isTemplate": false,
    "count": 0,
    "updated": 1523458415
  },
  {
    "id": "25de0a19-c10a-4fe2-9f1f-727f42b2b62f",
    "data": [
      {
        "text": "court",
        "userDefined": false
      }
    ],
    "isTemplate": false,
    "count": 0,
    "updated": 1523458415
  },
  {
    "id": "0b0c1a10-4f79-403e-af18-eb7b1adb3720",
    "data": [
      {
        "text": "grounds",
        "alias": "ground",
        "meta": "@ground",
        "userDefined": false
      }
    ],
    "isTemplate": false,
    "count": 0,
    "updated": 1523458415
  },
  {
    "id": "565286b4-96fc-42c8-9b50-610204ee5b7a",
    "data": [
      {
        "text": "ground",
        "userDefined": false
      }
    ],
    "isTemplate": false,
    "count": 0,
    "updated": 1523457350
  }
]