[
  {
    "id": "3e063282-dfe0-45b5-850c-ad46f56726fe",
    "data": [
      {
        "text": "pardon",
        "userDefined": false
      }
    ],
    "isTemplate": false,
    "count": 0,
    "updated": 1527158655
  },
  {
    "id": "a52f5d9b-9c9b-4659-b2e0-8019292f330e",
    "data": [
      {
        "text": "sorry repeat ",
        "userDefined": false
      },
      {
        "text": "it",
        "meta": "@sys.ignore",
        "userDefined": false
      },
      {
        "text": " again",
        "userDefined": false
      }
    ],
    "isTemplate": false,
    "count": 0,
    "updated": 1527158655
  },
  {
    "id": "72ddb3dd-e475-47aa-9d0b-d242f3c407c2",
    "data": [
      {
        "text": "please once more",
        "userDefined": false
      }
    ],
    "isTemplate": false,
    "count": 0,
    "updated": 1527158655
  },
  {
    "id": "6726b00f-d47e-4d93-a4be-38998fa13dd1",
    "data": [
      {
        "text": "what",
        "userDefined": false
      }
    ],
    "isTemplate": false,
    "count": 0,
    "updated": 1527158655
  },
  {
    "id": "56eb1ab5-1f2c-46f8-abb7-d65ce3fb3682",
    "data": [
      {
        "text": "can you speak slowly",
        "userDefined": false
      }
    ],
    "isTemplate": false,
    "count": 0,
    "updated": 1527158655
  },
  {
    "id": "1966d02e-f4e3-4a2c-a827-d912245f78dc",
    "data": [
      {
        "text": "say ",
        "userDefined": false
      },
      {
        "text": "it",
        "meta": "@sys.ignore",
        "userDefined": false
      },
      {
        "text": " once more",
        "userDefined": false
      }
    ],
    "isTemplate": false,
    "count": 0,
    "updated": 1527158655
  },
  {
    "id": "39452b11-9062-4ad2-92f1-1b4a6579f38d",
    "data": [
      {
        "text": "say ",
        "userDefined": false
      },
      {
        "text": "it",
        "meta": "@sys.ignore",
        "userDefined": false
      },
      {
        "text": " again",
        "userDefined": false
      }
    ],
    "isTemplate": false,
    "count": 0,
    "updated": 1527158655
  },
  {
    "id": "a1ddc225-ff28-4b4e-be03-8d7b7cd70bcb",
    "data": [
      {
        "text": "repeat ",
        "userDefined": false
      },
      {
        "text": "it",
        "meta": "@sys.ignore",
        "userDefined": false
      }
    ],
    "isTemplate": false,
    "count": 0,
    "updated": 1527158655
  }
]