[
  {
    "id": "fb0e5013-6d4e-4f43-a96b-c50ce85abbca",
    "data": [
      {
        "text": "courts",
        "userDefined": false
      }
    ],
    "isTemplate": false,
    "count": 0,
    "updated": 1523458415
  },
  {
    "id": "fcdbca35-6332-431d-a5f7-79527f20fb4a",
    "data": [
      {
        "text": "court",
        "userDefined": false
      }
    ],
    "isTemplate": false,
    "count": 0,
    "updated": 1523458415
  },
  {
    "id": "e24989a7-82d7-4ada-9bb4-6656b99285d0",
    "data": [
      {
        "text": "grounds",
        "alias": "ground",
        "meta": "@ground",
        "userDefined": false
      }
    ],
    "isTemplate": false,
    "count": 0,
    "updated": 1523458415
  },
  {
    "id": "e8eb851b-e9e4-468b-99f7-26b15c505d89",
    "data": [
      {
        "text": "ground",
        "userDefined": false
      }
    ],
    "isTemplate": false,
    "count": 0,
    "updated": 1523457350
  }
]