[
  {
    "id": "ca391c78-3ed8-47ab-af71-4caa86d7e6c1",
    "data": [
      {
        "text": "sorry repeat ",
        "userDefined": false
      },
      {
        "text": "it",
        "meta": "@sys.ignore",
        "userDefined": false
      },
      {
        "text": " again",
        "userDefined": false
      }
    ],
    "isTemplate": false,
    "count": 0,
    "updated": 1523683789
  },
  {
    "id": "5f3d03f8-fd36-41af-87d6-dd9abfb17bd6",
    "data": [
      {
        "text": "pardon",
        "userDefined": false
      }
    ],
    "isTemplate": false,
    "count": 0,
    "updated": 1523456628
  },
  {
    "id": "d6ee6f61-2761-49d2-843b-3490a0728cba",
    "data": [
      {
        "text": "repeat",
        "userDefined": false
      }
    ],
    "isTemplate": false,
    "count": 0,
    "updated": 1523456628
  }
]