[
  {
    "id": "3e4e8818-d1de-443b-86cd-74e6fa197c21",
    "data": [
      {
        "text": "sorry repeat ",
        "userDefined": false
      },
      {
        "text": "it",
        "meta": "@sys.ignore",
        "userDefined": false
      },
      {
        "text": " again",
        "userDefined": false
      }
    ],
    "isTemplate": false,
    "count": 0,
    "updated": 1523683789
  },
  {
    "id": "b9ab90e9-be96-43c4-9de7-1113772a9746",
    "data": [
      {
        "text": "pardon",
        "userDefined": false
      }
    ],
    "isTemplate": false,
    "count": 0,
    "updated": 1523456628
  },
  {
    "id": "4455577c-c92f-4083-bf7d-c17473b0b7df",
    "data": [
      {
        "text": "repeat",
        "userDefined": false
      }
    ],
    "isTemplate": false,
    "count": 0,
    "updated": 1523456628
  }
]