[
  {
    "id": "94b11793-e260-448f-ac8d-ba8c2f0286a3",
    "data": [
      {
        "text": "pardon",
        "userDefined": false
      }
    ],
    "isTemplate": false,
    "count": 1,
    "updated": 1523693196
  },
  {
    "id": "c7658622-23c5-4f22-8751-98620c8b4138",
    "data": [
      {
        "text": "what",
        "userDefined": false
      }
    ],
    "isTemplate": false,
    "count": 0,
    "updated": 1523693196
  },
  {
    "id": "7fae9fb9-19fb-487e-b17b-6192119d5b70",
    "data": [
      {
        "text": "repeat",
        "userDefined": false
      }
    ],
    "isTemplate": false,
    "count": 0,
    "updated": 1523693196
  },
  {
    "id": "21cdd40d-ce66-44e3-9503-9f1abb9d7d7f",
    "data": [
      {
        "text": "sorry",
        "userDefined": false
      }
    ],
    "isTemplate": false,
    "count": 0,
    "updated": 1523693196
  },
  {
    "id": "7a60b3fd-8dbb-406f-9e85-0f3f3411bd35",
    "data": [
      {
        "text": "can you say ",
        "userDefined": false
      },
      {
        "text": "it",
        "meta": "@sys.ignore",
        "userDefined": false
      },
      {
        "text": " again",
        "userDefined": false
      }
    ],
    "isTemplate": false,
    "count": 0,
    "updated": 1523693196
  }
]