[
  {
    "id": "2d43200e-ab65-4fc3-b7ed-c358bb274b44",
    "data": [
      {
        "text": "head hostel",
        "userDefined": false
      }
    ],
    "isTemplate": false,
    "count": 0,
    "updated": 1523633036
  },
  {
    "id": "670e4335-812f-4b1e-86a4-3014afb5f037",
    "data": [
      {
        "text": "contact no. of hostel",
        "userDefined": false
      }
    ],
    "isTemplate": false,
    "count": 0,
    "updated": 1523633036
  },
  {
    "id": "0432d863-a541-4a26-b62e-e2a95e80128f",
    "data": [
      {
        "text": "hostel",
        "userDefined": false
      }
    ],
    "isTemplate": false,
    "count": 0,
    "updated": 1523633036
  },
  {
    "id": "a678c464-9d48-40e3-83ec-adc1787b09e1",
    "data": [
      {
        "text": "hostel fee",
        "userDefined": false
      }
    ],
    "isTemplate": false,
    "count": 0,
    "updated": 1523633036
  }
]