[
  {
    "id": "309cd1e5-32da-452d-9fe2-fd5f3ac06f46",
    "data": [
      {
        "text": "food facility at hostel",
        "userDefined": false
      }
    ],
    "isTemplate": false,
    "count": 0,
    "updated": 1524309570
  },
  {
    "id": "51b436e3-d204-4f4a-9ecc-259e691e26d5",
    "data": [
      {
        "text": "food at jecrc hostel",
        "userDefined": false
      }
    ],
    "isTemplate": false,
    "count": 0,
    "updated": 1524309570
  },
  {
    "id": "aaeec5b3-3b7e-4802-842b-9fd0e4e35e1f",
    "data": [
      {
        "text": "menu of mess",
        "userDefined": false
      }
    ],
    "isTemplate": false,
    "count": 0,
    "updated": 1524309570
  },
  {
    "id": "593456e3-9b23-40fd-baef-1bba6a6051b1",
    "data": [
      {
        "text": "head hostel",
        "userDefined": false
      }
    ],
    "isTemplate": false,
    "count": 0,
    "updated": 1524309570
  },
  {
    "id": "1546044c-5b80-4093-a25f-cc1a4ab92671",
    "data": [
      {
        "text": "hostel",
        "userDefined": false
      }
    ],
    "isTemplate": false,
    "count": 0,
    "updated": 1524309570
  },
  {
    "id": "f0d39da2-40c2-4f71-bf06-9ecda79ed26d",
    "data": [
      {
        "text": "hostel food",
        "userDefined": false
      }
    ],
    "isTemplate": false,
    "count": 0,
    "updated": 1524309570
  },
  {
    "id": "a16e7ba6-82d1-4140-92e4-a75ba50f4bba",
    "data": [
      {
        "text": "contact no. of hostel",
        "userDefined": false
      }
    ],
    "isTemplate": false,
    "count": 0,
    "updated": 1524309570
  },
  {
    "id": "798c4f14-6f53-49ce-8035-617a32ea7d00",
    "data": [
      {
        "text": "hostel fee",
        "userDefined": false
      }
    ],
    "isTemplate": false,
    "count": 0,
    "updated": 1524309570
  }
]