[
  {
    "id": "ecca3cd3-8e03-4511-b728-ed22ff527684",
    "data": [
      {
        "text": "please repeat it again",
        "userDefined": false
      }
    ],
    "isTemplate": false,
    "count": 0,
    "updated": 1524896930
  },
  {
    "id": "fe679d56-fa56-412e-8a8f-1776ac0c3e9e",
    "data": [
      {
        "text": "sorry",
        "userDefined": false
      }
    ],
    "isTemplate": false,
    "count": 0,
    "updated": 1524896930
  },
  {
    "id": "2aa5d1b1-afee-47aa-95d6-6a4fb0db8219",
    "data": [
      {
        "text": "again",
        "userDefined": false
      }
    ],
    "isTemplate": false,
    "count": 0,
    "updated": 1524896930
  },
  {
    "id": "b44e7710-89af-44f9-994d-abd963849c8a",
    "data": [
      {
        "text": "repeat",
        "userDefined": false
      }
    ],
    "isTemplate": false,
    "count": 0,
    "updated": 1524896930
  }
]