[
  {
    "id": "b42c4152-4eec-455f-a974-0ccc77ac3ee3",
    "data": [
      {
        "text": "contact jecrc",
        "userDefined": false
      }
    ],
    "isTemplate": false,
    "count": 0,
    "updated": 1523612248
  },
  {
    "id": "3062b600-f1f5-42b2-a93e-ec2e8fa85d1e",
    "data": [
      {
        "text": "jecrc contact",
        "userDefined": false
      }
    ],
    "isTemplate": false,
    "count": 0,
    "updated": 1523612248
  },
  {
    "id": "483b5383-17b8-47e4-ac80-45109e00786d",
    "data": [
      {
        "text": "fax",
        "userDefined": false
      }
    ],
    "isTemplate": false,
    "count": 0,
    "updated": 1523612248
  },
  {
    "id": "7a446b66-c618-44a9-aba4-b324363ee8f4",
    "data": [
      {
        "text": "contact us",
        "userDefined": false
      }
    ],
    "isTemplate": false,
    "count": 0,
    "updated": 1523612248
  },
  {
    "id": "885c7693-a564-475d-9455-9fd56e8ef1dc",
    "data": [
      {
        "text": "contact",
        "userDefined": false
      }
    ],
    "isTemplate": false,
    "count": 0,
    "updated": 1523612248
  },
  {
    "id": "7457c344-ee0c-4d81-8d3b-a9cbd562cdd6",
    "data": [
      {
        "text": "admission helpline",
        "userDefined": false
      }
    ],
    "isTemplate": false,
    "count": 0,
    "updated": 1523612248
  },
  {
    "id": "4089af26-7599-4100-8051-3703a7b4b682",
    "data": [
      {
        "text": " suprintendent contact no.",
        "userDefined": false
      }
    ],
    "isTemplate": false,
    "count": 0,
    "updated": 1523612248
  }
]