[
  {
    "id": "025e7675-5a2b-43d7-9f3d-04825fa38547",
    "data": [
      {
        "text": "jecrc contact",
        "userDefined": false
      }
    ],
    "isTemplate": false,
    "count": 0,
    "updated": 1523612248
  },
  {
    "id": "6b6ae035-6d6e-4adf-8674-ea6fd47cf306",
    "data": [
      {
        "text": "contact jecrc",
        "userDefined": false
      }
    ],
    "isTemplate": false,
    "count": 0,
    "updated": 1523612248
  },
  {
    "id": "8c95b2c1-9a4e-47b2-8da6-ac32132c062e",
    "data": [
      {
        "text": "fax",
        "userDefined": false
      }
    ],
    "isTemplate": false,
    "count": 0,
    "updated": 1523612248
  },
  {
    "id": "0a27dcdb-c684-49e6-a46a-28eff0ed31b8",
    "data": [
      {
        "text": " suprintendent contact no.",
        "userDefined": false
      }
    ],
    "isTemplate": false,
    "count": 0,
    "updated": 1523612248
  },
  {
    "id": "eaf677c5-4cf1-4e7b-a5b3-26f81e8279f8",
    "data": [
      {
        "text": "admission helpline",
        "userDefined": false
      }
    ],
    "isTemplate": false,
    "count": 0,
    "updated": 1523612248
  },
  {
    "id": "e1c4b18b-8a8c-46bf-8c81-fd5c10dffabb",
    "data": [
      {
        "text": "contact us",
        "userDefined": false
      }
    ],
    "isTemplate": false,
    "count": 0,
    "updated": 1523612248
  },
  {
    "id": "9f7efaf7-9d0e-48c5-9010-07e76bf7033c",
    "data": [
      {
        "text": "contact",
        "userDefined": false
      }
    ],
    "isTemplate": false,
    "count": 0,
    "updated": 1523612248
  }
]