[
  {
    "id": "727ef2b4-72eb-4436-94e5-729bc4263153",
    "data": [
      {
        "text": "How you can help ",
        "userDefined": false
      },
      {
        "text": "me",
        "meta": "@sys.ignore",
        "userDefined": false
      },
      {
        "text": "?",
        "userDefined": false
      }
    ],
    "isTemplate": false,
    "count": 0,
    "updated": 1532075013
  },
  {
    "id": "d5b3e21a-6273-4403-8e8d-acb6678dc945",
    "data": [
      {
        "text": "Your mission",
        "userDefined": false
      }
    ],
    "isTemplate": false,
    "count": 0,
    "updated": 1532075013
  },
  {
    "id": "605b24df-dd22-4e85-936e-2aa646c2bd15",
    "data": [
      {
        "text": "How can you solve my problem",
        "userDefined": false
      }
    ],
    "isTemplate": false,
    "count": 0,
    "updated": 1532075013
  },
  {
    "id": "cd51bbac-6958-48b3-a72d-ce36ebee26cf",
    "data": [
      {
        "text": "Your job",
        "userDefined": false
      }
    ],
    "isTemplate": false,
    "count": 0,
    "updated": 1532075013
  },
  {
    "id": "29de3dff-4ce8-48ec-a575-2d46a4d0c5c2",
    "data": [
      {
        "text": "What do you know.",
        "userDefined": false
      }
    ],
    "isTemplate": false,
    "count": 0,
    "updated": 1532075013
  },
  {
    "id": "7ffd2f9a-da81-4143-9718-c41218d76798",
    "data": [
      {
        "text": "How you can help?",
        "userDefined": false
      }
    ],
    "isTemplate": false,
    "count": 0,
    "updated": 1532075013
  },
  {
    "id": "9318aac5-ee5b-469a-80f6-71376f5c4501",
    "data": [
      {
        "text": "What do you do",
        "userDefined": false
      }
    ],
    "isTemplate": false,
    "count": 0,
    "updated": 1532075013
  },
  {
    "id": "39df3cc2-7d6d-4275-ab0c-6c1dbec3159a",
    "data": [
      {
        "text": "Your main aim",
        "userDefined": false
      }
    ],
    "isTemplate": false,
    "count": 0,
    "updated": 1532075013
  },
  {
    "id": "6588edf5-5554-49d4-8e77-010479b85987",
    "data": [
      {
        "text": "What can you do?",
        "userDefined": false
      }
    ],
    "isTemplate": false,
    "count": 0,
    "updated": 1532075013
  },
  {
    "id": "7baa9cc0-aa5b-4da2-9a00-65682f19ed4c",
    "data": [
      {
        "text": "What should I ask you",
        "userDefined": false
      }
    ],
    "isTemplate": false,
    "count": 0,
    "updated": 1532075013
  },
  {
    "id": "4341cffb-e63b-4db8-aadc-bbcaf386a394",
    "data": [
      {
        "text": "What is your work",
        "userDefined": false
      }
    ],
    "isTemplate": false,
    "count": 0,
    "updated": 1532075013
  }
]