[
  {
    "id": "f5663771-02fe-4c2f-9cd0-3faf5f57a5cb",
    "data": [
      {
        "text": "again",
        "userDefined": false
      }
    ],
    "isTemplate": false,
    "count": 0,
    "updated": 1527164352
  },
  {
    "id": "bcc264d2-8f71-45e0-be42-2d343c5d1224",
    "data": [
      {
        "text": "pardon",
        "userDefined": false
      }
    ],
    "isTemplate": false,
    "count": 0,
    "updated": 1527164352
  },
  {
    "id": "172c13ba-4198-4dde-99ea-8e7789f5fc0b",
    "data": [
      {
        "text": "please",
        "userDefined": false
      }
    ],
    "isTemplate": false,
    "count": 0,
    "updated": 1527164352
  },
  {
    "id": "0a4c909b-bf88-4518-bb6c-e6a921386fa0",
    "data": [
      {
        "text": "another",
        "meta": "@sys.ignore",
        "userDefined": false
      },
      {
        "text": " time",
        "userDefined": false
      }
    ],
    "isTemplate": false,
    "count": 0,
    "updated": 1527164352
  },
  {
    "id": "c9959850-aeb7-4937-b11e-ea8d042914c8",
    "data": [
      {
        "text": "one more time",
        "userDefined": false
      }
    ],
    "isTemplate": false,
    "count": 0,
    "updated": 1527164352
  },
  {
    "id": "c26c2058-9efa-4b92-91d1-ab3c850a2ea3",
    "data": [
      {
        "text": "say ",
        "userDefined": false
      },
      {
        "text": "it",
        "alias": "branches",
        "meta": "@branches",
        "userDefined": false
      },
      {
        "text": " again",
        "userDefined": false
      }
    ],
    "isTemplate": false,
    "count": 0,
    "updated": 1527164352
  },
  {
    "id": "faf01a73-73f7-433e-8da5-92d8a5bf704c",
    "data": [
      {
        "text": "sorry",
        "userDefined": false
      }
    ],
    "isTemplate": false,
    "count": 0,
    "updated": 1527164352
  },
  {
    "id": "53b2ce8b-5c47-45df-b256-630eb7685747",
    "data": [
      {
        "text": "can you repeat",
        "userDefined": false
      }
    ],
    "isTemplate": false,
    "count": 0,
    "updated": 1527164352
  },
  {
    "id": "25fc2762-28b8-4d0e-b3a5-509c3d154298",
    "data": [
      {
        "text": "once more",
        "userDefined": false
      }
    ],
    "isTemplate": false,
    "count": 0,
    "updated": 1527164352
  }
]