[
  {
    "id": "1c593ee4-6b77-404f-a9fd-485aeea9046a",
    "data": [
      {
        "text": "how to take admission in jecrc ",
        "userDefined": false
      },
      {
        "text": "college",
        "alias": "college",
        "meta": "@college",
        "userDefined": false
      }
    ],
    "isTemplate": false,
    "count": 0,
    "updated": 1527164027
  },
  {
    "id": "bcd33934-b1d9-4fcd-864a-a913e0da0682",
    "data": [
      {
        "text": "admission",
        "userDefined": false
      }
    ],
    "isTemplate": false,
    "count": 0,
    "updated": 1527164027
  },
  {
    "id": "b5626474-d596-4820-b043-11bc08274489",
    "data": [
      {
        "text": "how admission in jecrc",
        "userDefined": false
      }
    ],
    "isTemplate": false,
    "count": 0,
    "updated": 1527164027
  }
]