[
  {
    "id": "0df00114-7c8b-439b-973d-49d93356cd03",
    "data": [
      {
        "text": "I am fine",
        "userDefined": false
      }
    ],
    "isTemplate": false,
    "count": 0,
    "updated": 1536658906
  },
  {
    "id": "1ba50c53-f901-4fdc-99d3-2fd7a9b30b1b",
    "data": [
      {
        "text": "F9",
        "userDefined": false
      }
    ],
    "isTemplate": false,
    "count": 0,
    "updated": 1536659080
  },
  {
    "id": "087e49bc-446c-4e77-90ea-21561541fae3",
    "data": [
      {
        "text": "Fine",
        "userDefined": false
      }
    ],
    "isTemplate": false,
    "count": 0,
    "updated": 1536658906
  }
]