[
  {
    "id": "5b1a271e-db2a-43ee-bbe5-53c222455bbb",
    "data": [
      {
        "text": "I love you",
        "userDefined": false
      }
    ],
    "isTemplate": false,
    "count": 0,
    "updated": 1527964192
  },
  {
    "id": "19699308-a920-47cb-ad3d-503b2ebde282",
    "data": [
      {
        "text": "I am in love with you",
        "userDefined": false
      }
    ],
    "isTemplate": false,
    "count": 0,
    "updated": 1527964192
  },
  {
    "id": "94e70da1-fa57-41de-baf6-22298b25bfe4",
    "data": [
      {
        "text": "I want you",
        "userDefined": false
      }
    ],
    "isTemplate": false,
    "count": 0,
    "updated": 1527964192
  },
  {
    "id": "a6973156-9393-4242-aa16-8759479d71da",
    "data": [
      {
        "text": "I like you",
        "userDefined": false
      }
    ],
    "isTemplate": false,
    "count": 0,
    "updated": 1527964192
  }
]