[
  {
    "id": "079c1a18-c219-4697-b63c-4c9164b01e90",
    "data": [
      {
        "text": "internship in foreign",
        "userDefined": false
      }
    ],
    "isTemplate": false,
    "count": 0,
    "updated": 1529823700
  },
  {
    "id": "6a9cf70c-335a-422c-8791-e8d15d47c6c8",
    "data": [
      {
        "text": "pre",
        "userDefined": false
      }
    ],
    "isTemplate": false,
    "count": 0,
    "updated": 1529823700
  },
  {
    "id": "2e016952-3fdd-4e35-948e-c8321c67e40f",
    "data": [
      {
        "text": "opportunity for internship",
        "userDefined": false
      }
    ],
    "isTemplate": false,
    "count": 0,
    "updated": 1529823700
  },
  {
    "id": "0108c4f3-b73c-4083-81b3-9148d1fa1bc1",
    "data": [
      {
        "text": "college provide abroad internship",
        "userDefined": false
      }
    ],
    "isTemplate": false,
    "count": 0,
    "updated": 1529823700
  },
  {
    "id": "71b83b9c-8659-45a8-9cb9-5663300ea5b7",
    "data": [
      {
        "text": "internship",
        "userDefined": false
      }
    ],
    "isTemplate": false,
    "count": 0,
    "updated": 1529823700
  },
  {
    "id": "b405261a-31cf-42a7-9da2-90f88daf36ef",
    "data": [
      {
        "text": "intern",
        "userDefined": false
      }
    ],
    "isTemplate": false,
    "count": 0,
    "updated": 1529823700
  },
  {
    "id": "e5fa3ef7-db42-4ae5-97fd-203109adaa33",
    "data": [
      {
        "text": "training",
        "userDefined": false
      }
    ],
    "isTemplate": false,
    "count": 0,
    "updated": 1529823700
  },
  {
    "id": "150692cf-c3bb-4dd9-9ea1-fbaa11652d45",
    "data": [
      {
        "text": "college provide foreign internship?",
        "userDefined": false
      }
    ],
    "isTemplate": false,
    "count": 0,
    "updated": 1529823700
  },
  {
    "id": "217c350a-31f4-4423-a877-7bb695bf2304",
    "data": [
      {
        "text": "internship opportunity",
        "userDefined": false
      }
    ],
    "isTemplate": false,
    "count": 0,
    "updated": 1529823700
  },
  {
    "id": "e337e503-d980-4162-8e11-c008776c5865",
    "data": [
      {
        "text": "study abroad",
        "userDefined": false
      }
    ],
    "isTemplate": false,
    "count": 0,
    "updated": 1529823700
  },
  {
    "id": "7ec3b542-95e0-4fc9-b121-7d76f3035f5e",
    "data": [
      {
        "text": "internship in abroad",
        "userDefined": false
      }
    ],
    "isTemplate": false,
    "count": 0,
    "updated": 1529823700
  },
  {
    "id": "00d84b8e-98d8-4f3f-bb91-4653422732f5",
    "data": [
      {
        "text": "abroad internship",
        "userDefined": false
      }
    ],
    "isTemplate": false,
    "count": 0,
    "updated": 1529823700
  },
  {
    "id": "ef373b9f-7376-45da-be09-8fbcd22e7c8d",
    "data": [
      {
        "text": "study abroad program",
        "userDefined": false
      }
    ],
    "isTemplate": false,
    "count": 0,
    "updated": 1529823700
  },
  {
    "id": "0cfc8805-0437-4a51-8640-49a13dbfef1a",
    "data": [
      {
        "text": "support for internship",
        "userDefined": false
      }
    ],
    "isTemplate": false,
    "count": 0,
    "updated": 1529823700
  }
]