[
  {
    "id": "4917bc55-0a74-4951-93f9-e22091b9e670",
    "data": [
      {
        "text": "Jaipur engineering college and research centre",
        "userDefined": false
      }
    ],
    "isTemplate": false,
    "count": 0,
    "updated": 1526018063
  },
  {
    "id": "d47a087a-9035-4e45-9584-ad9b27f2a5a3",
    "data": [
      {
        "text": "can you give ",
        "userDefined": false
      },
      {
        "text": "me",
        "alias": "branches",
        "meta": "@branches",
        "userDefined": false
      },
      {
        "text": " intro about ",
        "userDefined": false
      },
      {
        "text": "this college",
        "alias": "college",
        "meta": "@college",
        "userDefined": false
      }
    ],
    "isTemplate": false,
    "count": 0,
    "updated": 1526018063
  },
  {
    "id": "50e62aaa-a807-4919-aa3b-d2f94aa2415b",
    "data": [
      {
        "text": "can you tell me about ",
        "userDefined": false
      },
      {
        "text": "this college",
        "alias": "college",
        "meta": "@college",
        "userDefined": false
      }
    ],
    "isTemplate": false,
    "count": 0,
    "updated": 1526018063
  },
  {
    "id": "d53be8ff-6e05-47a1-a9e1-fb29cbc097b7",
    "data": [
      {
        "text": "introduction of jecrc",
        "userDefined": false
      }
    ],
    "isTemplate": false,
    "count": 0,
    "updated": 1526018063
  },
  {
    "id": "f4002772-03fc-4375-b1c4-f9db136a91c3",
    "data": [
      {
        "text": "What can you tell me about jecrc",
        "userDefined": false
      }
    ],
    "isTemplate": false,
    "count": 0,
    "updated": 1526018063
  },
  {
    "id": "06c4c8cc-1b2a-490d-844e-6a6007da9fd9",
    "data": [
      {
        "text": "what is the jecrc?",
        "userDefined": false
      }
    ],
    "isTemplate": false,
    "count": 0,
    "updated": 1526018063
  },
  {
    "id": "a19de8e9-4150-429c-bfe3-0551f7117b25",
    "data": [
      {
        "text": "jecrc",
        "userDefined": false
      }
    ],
    "isTemplate": false,
    "count": 0,
    "updated": 1526018063
  }
]