[
  {
    "id": "1b630fd4-c938-4ddd-bc63-1e7a271c2172",
    "data": [
      {
        "text": "repeat",
        "userDefined": false
      }
    ],
    "isTemplate": false,
    "count": 0,
    "updated": 1523695579
  },
  {
    "id": "a264b73c-ee28-450b-972a-b6b428531d34",
    "data": [
      {
        "text": "again",
        "userDefined": false
      }
    ],
    "isTemplate": false,
    "count": 0,
    "updated": 1523695579
  },
  {
    "id": "01d4e0e6-a29d-40bd-a5af-698759315f64",
    "data": [
      {
        "text": "sorry",
        "userDefined": false
      }
    ],
    "isTemplate": false,
    "count": 0,
    "updated": 1523695579
  },
  {
    "id": "9bc98a21-4db0-4d91-9fa8-1786d3f68451",
    "data": [
      {
        "text": "pardon",
        "userDefined": false
      }
    ],
    "isTemplate": false,
    "count": 0,
    "updated": 1523695579
  },
  {
    "id": "c2c22ef5-5725-409c-8878-de9bc23083f2",
    "data": [
      {
        "text": "say ",
        "userDefined": false
      },
      {
        "text": "it",
        "meta": "@sys.ignore",
        "userDefined": false
      },
      {
        "text": " again",
        "userDefined": false
      }
    ],
    "isTemplate": false,
    "count": 0,
    "updated": 1523695579
  },
  {
    "id": "21ed3219-e995-4962-b700-8c9fa2ce3b64",
    "data": [
      {
        "text": "repeat ",
        "userDefined": false
      },
      {
        "text": "it",
        "meta": "@sys.ignore",
        "userDefined": false
      },
      {
        "text": " again",
        "userDefined": false
      }
    ],
    "isTemplate": false,
    "count": 0,
    "updated": 1523695579
  }
]