[
  {
    "id": "0eb90aae-d858-4419-be30-4fd1732ea07b",
    "data": [
      {
        "text": "scholarship provisions",
        "userDefined": false
      }
    ],
    "isTemplate": false,
    "count": 0,
    "updated": 1524898004
  },
  {
    "id": "141117bf-b64b-4365-8b78-624e1c09e444",
    "data": [
      {
        "text": "scholarship at ",
        "userDefined": false
      },
      {
        "text": "jecrc",
        "alias": "college",
        "meta": "@college",
        "userDefined": false
      }
    ],
    "isTemplate": false,
    "count": 0,
    "updated": 1524898004
  },
  {
    "id": "d60b5129-2d00-497c-b487-ed731ec31405",
    "data": [
      {
        "text": "jecrc",
        "alias": "college",
        "meta": "@college",
        "userDefined": false
      },
      {
        "text": " scholarship",
        "userDefined": false
      }
    ],
    "isTemplate": false,
    "count": 0,
    "updated": 1524898004
  },
  {
    "id": "b9080290-9b14-4d77-bd1d-f40cefdb8652",
    "data": [
      {
        "text": "scholarship",
        "userDefined": false
      }
    ],
    "isTemplate": false,
    "count": 0,
    "updated": 1524898004
  }
]