[
  {
    "id": "9bcee5f9-b7cb-454a-8bfa-5c1f5f4ac3bc",
    "data": [
      {
        "text": "please repeat",
        "userDefined": false
      }
    ],
    "isTemplate": false,
    "count": 0,
    "updated": 1525963335
  },
  {
    "id": "22ec014b-a94f-44b1-b76f-60d7119ce759",
    "data": [
      {
        "text": "can you tell another one",
        "userDefined": false
      }
    ],
    "isTemplate": false,
    "count": 0,
    "updated": 1525963335
  },
  {
    "id": "6c41d4b8-6e55-490d-826e-c5f5804ccd35",
    "data": [
      {
        "text": "some more",
        "userDefined": false
      }
    ],
    "isTemplate": false,
    "count": 0,
    "updated": 1525963335
  },
  {
    "id": "c070a095-66b2-4cdb-a9d4-3293c3e5cdcd",
    "data": [
      {
        "text": "another please",
        "userDefined": false
      }
    ],
    "isTemplate": false,
    "count": 0,
    "updated": 1525963335
  },
  {
    "id": "f9ca530e-dbe4-41e2-a454-a46acce5dd17",
    "data": [
      {
        "text": "i cant understand",
        "userDefined": false
      }
    ],
    "isTemplate": false,
    "count": 0,
    "updated": 1525963335
  },
  {
    "id": "791e448e-7db0-4f10-ad0c-c9f896f0fc64",
    "data": [
      {
        "text": "can you tell me ",
        "userDefined": false
      },
      {
        "text": "a",
        "alias": "indian_names",
        "meta": "@indian_names",
        "userDefined": false
      },
      {
        "text": " joke",
        "userDefined": false
      }
    ],
    "isTemplate": false,
    "count": 0,
    "updated": 1525963335
  },
  {
    "id": "7285bbc1-3613-43f2-a4a0-d8093db4f474",
    "data": [
      {
        "text": "one more",
        "userDefined": false
      }
    ],
    "isTemplate": false,
    "count": 0,
    "updated": 1525963335
  }
]