[
  {
    "id": "91eca33a-1753-4874-ac55-60ca92dbbfe8",
    "data": [
      {
        "text": "a",
        "userDefined": false
      }
    ],
    "isTemplate": false,
    "count": 0,
    "updated": 1523608200
  },
  {
    "id": "40bf6527-2003-4143-bf9c-7815ab963c03",
    "data": [
      {
        "text": "number of students involved",
        "userDefined": false
      }
    ],
    "isTemplate": false,
    "count": 0,
    "updated": 1523608200
  },
  {
    "id": "2c8d9bd7-a17e-4938-92fd-1fc2c5bd6ec4",
    "data": [
      {
        "text": "head",
        "userDefined": false
      }
    ],
    "isTemplate": false,
    "count": 0,
    "updated": 1523608200
  },
  {
    "id": "93ee6503-4b6b-4218-9e0c-1a656cee5f15",
    "data": [
      {
        "text": "major events of khalas bhangara ",
        "userDefined": false
      },
      {
        "text": "group",
        "alias": "the",
        "meta": "@the",
        "userDefined": false
      }
    ],
    "isTemplate": false,
    "count": 0,
    "updated": 1523537469
  },
  {
    "id": "23a670d3-4e1d-4728-bc1d-1ae527200105",
    "data": [
      {
        "text": "major",
        "meta": "@sys.ignore",
        "userDefined": false
      },
      {
        "text": " events of this ",
        "userDefined": false
      },
      {
        "text": "group",
        "alias": "the",
        "meta": "@the",
        "userDefined": false
      }
    ],
    "isTemplate": false,
    "count": 0,
    "updated": 1523537469
  },
  {
    "id": "2c93f42e-ae7e-4073-963d-23b7bc82c19f",
    "data": [
      {
        "text": "more about ",
        "userDefined": false
      },
      {
        "text": "it",
        "meta": "@sys.ignore",
        "userDefined": false
      }
    ],
    "isTemplate": false,
    "count": 0,
    "updated": 1523537469
  },
  {
    "id": "03a829a0-2b86-42b6-b83d-21de0e1d9872",
    "data": [
      {
        "text": "more information",
        "userDefined": false
      }
    ],
    "isTemplate": false,
    "count": 0,
    "updated": 1523537469
  },
  {
    "id": "cdd8440c-0a1b-4a0e-ac6a-92d324db3cc0",
    "data": [
      {
        "text": "participate",
        "userDefined": false
      }
    ],
    "isTemplate": false,
    "count": 1,
    "updated": 1523537469
  }
]