[
  {
    "id": "5c31efa5-322e-43b7-9785-24ceb1ec13b1",
    "data": [
      {
        "text": "khalas bhangra crew",
        "userDefined": false
      }
    ],
    "isTemplate": false,
    "count": 0,
    "updated": 1523698004
  },
  {
    "id": "b66c94d1-0bd5-4ec5-9b9d-825f07519e6a",
    "data": [
      {
        "text": "khalsa bhangra",
        "userDefined": false
      }
    ],
    "isTemplate": false,
    "count": 0,
    "updated": 1523698004
  },
  {
    "id": "04f1cfff-f95d-4f96-9d61-29d5a863e48a",
    "data": [
      {
        "text": "KBC",
        "userDefined": false
      }
    ],
    "isTemplate": false,
    "count": 0,
    "updated": 1523698004
  },
  {
    "id": "78bdf04c-3577-45cb-89a5-57b3d87a9ac0",
    "data": [
      {
        "text": "khalas bhanghra crew",
        "userDefined": false
      }
    ],
    "isTemplate": false,
    "count": 0,
    "updated": 1523698004
  },
  {
    "id": "cbef6307-d53a-4bfc-b6e7-ca0f01dd82e4",
    "data": [
      {
        "text": "kalsha bhangra crew",
        "userDefined": false
      }
    ],
    "isTemplate": false,
    "count": 0,
    "updated": 1523698004
  },
  {
    "id": "c1533a2e-0d9f-4cb4-9ed8-baf09f4fed29",
    "data": [
      {
        "text": "khalas bhangara",
        "userDefined": false
      }
    ],
    "isTemplate": false,
    "count": 0,
    "updated": 1523698004
  },
  {
    "id": "e5718e3d-ca9a-4e4a-8c29-ca0f9fbba7cc",
    "data": [
      {
        "text": "bhangra group",
        "userDefined": false
      }
    ],
    "isTemplate": false,
    "count": 0,
    "updated": 1523698004
  }
]