[
  {
    "id": "4487e95c-69e5-443d-97dc-c6a98d17b8b6",
    "data": [
      {
        "text": "will you please repeat ",
        "userDefined": false
      },
      {
        "text": "it",
        "meta": "@sys.ignore",
        "userDefined": false
      }
    ],
    "isTemplate": false,
    "count": 0,
    "updated": 1523695909
  },
  {
    "id": "f8b33124-8abc-49dc-90ac-62e2282fe7f5",
    "data": [
      {
        "text": "again please",
        "userDefined": false
      }
    ],
    "isTemplate": false,
    "count": 0,
    "updated": 1523695909
  },
  {
    "id": "60a9835f-c4e3-4a19-a7c0-40448bd5b606",
    "data": [
      {
        "text": "repeat",
        "userDefined": false
      }
    ],
    "isTemplate": false,
    "count": 0,
    "updated": 1523695909
  },
  {
    "id": "58435ec1-a9f7-4692-9490-8c2801d8f5cd",
    "data": [
      {
        "text": "sorry",
        "userDefined": false
      }
    ],
    "isTemplate": false,
    "count": 0,
    "updated": 1523695909
  }
]