[
  {
    "id": "bb1260a1-d872-43b9-8f9f-638f02693807",
    "data": [
      {
        "text": "is leep btech admission is available in your college",
        "userDefined": false
      }
    ],
    "isTemplate": false,
    "count": 0,
    "updated": 1524400770
  },
  {
    "id": "3434aca7-8b33-4385-9046-9fd4743957a5",
    "data": [
      {
        "text": "leep btech admission",
        "userDefined": false
      }
    ],
    "isTemplate": false,
    "count": 0,
    "updated": 1524400552
  },
  {
    "id": "a2239980-d2f3-4023-a331-9429221b5923",
    "data": [
      {
        "text": "leep admission",
        "userDefined": false
      }
    ],
    "isTemplate": false,
    "count": 0,
    "updated": 1524400552
  },
  {
    "id": "be287373-0ae9-492c-87ec-95e580b97f38",
    "data": [
      {
        "text": "leap",
        "userDefined": false
      }
    ],
    "isTemplate": false,
    "count": 0,
    "updated": 1524400552
  },
  {
    "id": "25c42722-122c-4d24-a3f0-23672d54d2b7",
    "data": [
      {
        "text": "leep",
        "userDefined": false
      }
    ],
    "isTemplate": false,
    "count": 0,
    "updated": 1524400552
  },
  {
    "id": "687c397f-e78a-4955-92ac-eee5bcdb5d90",
    "data": [
      {
        "text": "2nd",
        "meta": "@sys.ignore",
        "userDefined": false
      },
      {
        "text": " year admission in this college",
        "userDefined": false
      }
    ],
    "isTemplate": false,
    "count": 0,
    "updated": 1524400552
  },
  {
    "id": "17cc7177-79a7-4114-b422-b9e0bf594492",
    "data": [
      {
        "text": "admission ",
        "userDefined": false
      },
      {
        "text": "in 2nd year",
        "meta": "@sys.ignore",
        "userDefined": false
      }
    ],
    "isTemplate": false,
    "count": 0,
    "updated": 1524400552
  },
  {
    "id": "87eab4b5-7bc7-46e6-97be-d9e312828b13",
    "data": [
      {
        "text": "direct admission ",
        "userDefined": false
      },
      {
        "text": "in 2nd year",
        "meta": "@sys.ignore",
        "userDefined": false
      }
    ],
    "isTemplate": false,
    "count": 0,
    "updated": 1524400552
  },
  {
    "id": "bc76dd99-1a91-4c0e-9da5-34c2564ca100",
    "data": [
      {
        "text": "leap admission",
        "userDefined": false
      }
    ],
    "isTemplate": false,
    "count": 0,
    "updated": 1524400552
  },
  {
    "id": "c69d0ce2-a694-405f-800d-54c0c296cd0f",
    "data": [
      {
        "text": "leep admission in ",
        "userDefined": false
      },
      {
        "text": "jecrc",
        "alias": "college",
        "meta": "@college",
        "userDefined": false
      }
    ],
    "isTemplate": false,
    "count": 1,
    "updated": 1524400552
  }
]