[
  {
    "id": "b05819ca-7003-4ad6-bee1-374171592bc1",
    "data": [
      {
        "text": "can you speak slowly",
        "userDefined": false
      }
    ],
    "isTemplate": false,
    "count": 0,
    "updated": 1524380060
  },
  {
    "id": "4003d694-f828-4ee8-a334-d5cb993e0d84",
    "data": [
      {
        "text": "sorry again please",
        "userDefined": false
      }
    ],
    "isTemplate": false,
    "count": 0,
    "updated": 1524380060
  },
  {
    "id": "54df19be-3076-4e05-b62a-2a0e46e7cc52",
    "data": [
      {
        "text": "sorry",
        "userDefined": false
      }
    ],
    "isTemplate": false,
    "count": 0,
    "updated": 1524380060
  },
  {
    "id": "d7d73304-3dcc-45bf-a76a-fcce207290c9",
    "data": [
      {
        "text": "say ",
        "userDefined": false
      },
      {
        "text": "it",
        "meta": "@sys.ignore",
        "userDefined": false
      },
      {
        "text": " again",
        "userDefined": false
      }
    ],
    "isTemplate": false,
    "count": 0,
    "updated": 1524380060
  },
  {
    "id": "dc9defb3-7cd0-476a-ba27-4004136d7078",
    "data": [
      {
        "text": "again",
        "userDefined": false
      }
    ],
    "isTemplate": false,
    "count": 0,
    "updated": 1524380060
  },
  {
    "id": "94af2117-4a27-4d87-abde-45daa1f21b6f",
    "data": [
      {
        "text": "again please",
        "userDefined": false
      }
    ],
    "isTemplate": false,
    "count": 0,
    "updated": 1524380060
  },
  {
    "id": "ef05fc93-f8cc-40da-a951-44702084cfec",
    "data": [
      {
        "text": "repeat",
        "userDefined": false
      }
    ],
    "isTemplate": false,
    "count": 0,
    "updated": 1524380060
  },
  {
    "id": "104d2ddc-2dd4-4519-90cd-2b941bfd97c6",
    "data": [
      {
        "text": "repeat ",
        "userDefined": false
      },
      {
        "text": "it",
        "meta": "@sys.ignore",
        "userDefined": false
      },
      {
        "text": " again",
        "userDefined": false
      }
    ],
    "isTemplate": false,
    "count": 0,
    "updated": 1524380060
  },
  {
    "id": "f64a0870-ad47-4c23-8411-4ca31355428b",
    "data": [
      {
        "text": "pardon please",
        "userDefined": false
      }
    ],
    "isTemplate": false,
    "count": 0,
    "updated": 1524380060
  },
  {
    "id": "22ef6407-0a9c-439c-b71f-0e407859dbb9",
    "data": [
      {
        "text": "please repeat ",
        "userDefined": false
      },
      {
        "text": "it",
        "meta": "@sys.ignore",
        "userDefined": false
      }
    ],
    "isTemplate": false,
    "count": 0,
    "updated": 1524380060
  }
]