[
  {
    "id": "5791df4e-1ffc-4b8a-9fdd-c2c2edec0e6b",
    "data": [
      {
        "text": "reading materials?",
        "userDefined": false
      }
    ],
    "isTemplate": false,
    "count": 0,
    "updated": 1523549267
  },
  {
    "id": "78807c9c-8fb7-4605-85c6-1a3a8de1a624",
    "data": [
      {
        "text": "library",
        "userDefined": false
      }
    ],
    "isTemplate": false,
    "count": 0,
    "updated": 1523549267
  },
  {
    "id": "8708ea2f-b27b-4a79-844c-15ac78a310d2",
    "data": [
      {
        "text": "where books are kept",
        "userDefined": false
      }
    ],
    "isTemplate": false,
    "count": 0,
    "updated": 1523549267
  }
]