[
  {
    "id": "74d65a26-430e-4cfc-8c82-25ae0c9f8a1d",
    "data": [
      {
        "text": "timing of lib",
        "userDefined": false
      }
    ],
    "isTemplate": false,
    "count": 0,
    "updated": 1524379699
  },
  {
    "id": "f8023386-1c30-486f-9394-def4cc8ab322",
    "data": [
      {
        "text": "time of lib",
        "userDefined": false
      }
    ],
    "isTemplate": false,
    "count": 0,
    "updated": 1524379699
  },
  {
    "id": "599362e9-e8b0-4266-9388-d9b39791425e",
    "data": [
      {
        "text": "time of library",
        "userDefined": false
      }
    ],
    "isTemplate": false,
    "count": 0,
    "updated": 1524379699
  },
  {
    "id": "5af079b4-e792-44f9-bc53-aac999764f1f",
    "data": [
      {
        "text": "timing of library",
        "userDefined": false
      }
    ],
    "isTemplate": false,
    "count": 0,
    "updated": 1524379699
  },
  {
    "id": "20f5a92f-1fa6-4915-abc0-a4f5c27a23a3",
    "data": [
      {
        "text": "lib",
        "userDefined": false
      }
    ],
    "isTemplate": false,
    "count": 0,
    "updated": 1524379699
  },
  {
    "id": "2d0f0061-da26-4afd-a463-f22d614ac0eb",
    "data": [
      {
        "text": "library",
        "userDefined": false
      }
    ],
    "isTemplate": false,
    "count": 0,
    "updated": 1523549267
  }
]