[
  {
    "id": "5a79608c-8f0a-47d3-8ca0-89e8affec1a2",
    "data": [
      {
        "text": "I would like to see you again",
        "userDefined": false
      }
    ],
    "isTemplate": false,
    "count": 0,
    "updated": 1527960834
  },
  {
    "id": "1d4d10bf-ec86-4156-be73-76f7fcb4cd58",
    "data": [
      {
        "text": "nice to talk to you",
        "userDefined": false
      }
    ],
    "isTemplate": false,
    "count": 0,
    "updated": 1527952486
  },
  {
    "id": "babc6132-f595-445a-af19-1423942327ef",
    "data": [
      {
        "text": "nice to see you",
        "userDefined": false
      }
    ],
    "isTemplate": false,
    "count": 0,
    "updated": 1527952486
  },
  {
    "id": "dd0fc307-5bd8-41d1-87cf-0836f788e0a9",
    "data": [
      {
        "text": "nice to meet you",
        "userDefined": false
      }
    ],
    "isTemplate": false,
    "count": 0,
    "updated": 1527952486
  }
]