[
  {
    "id": "99bc713b-8667-459b-9a30-41bcbb7627eb",
    "data": [
      {
        "text": "please repeat",
        "userDefined": false
      }
    ],
    "isTemplate": false,
    "count": 0,
    "updated": 1523453823
  },
  {
    "id": "e78ccf59-6e29-49e8-8eb1-1cb292b01da4",
    "data": [
      {
        "text": "repeat ",
        "userDefined": false
      },
      {
        "text": "it",
        "meta": "@sys.ignore",
        "userDefined": false
      },
      {
        "text": " please",
        "userDefined": false
      }
    ],
    "isTemplate": false,
    "count": 0,
    "updated": 1523453823
  },
  {
    "id": "ec345b9f-d77f-4d87-b99c-b4a1b55b95f3",
    "data": [
      {
        "text": "pardon please",
        "userDefined": false
      }
    ],
    "isTemplate": false,
    "count": 0,
    "updated": 1523453823
  },
  {
    "id": "0f275cb6-4772-4f00-93f1-5a5a4ae439c6",
    "data": [
      {
        "text": "sorry can u repeat ",
        "userDefined": false
      },
      {
        "text": "it",
        "meta": "@sys.ignore",
        "userDefined": false
      },
      {
        "text": " again",
        "userDefined": false
      }
    ],
    "isTemplate": false,
    "count": 0,
    "updated": 1523453823
  }
]