[
  {
    "id": "1e8a50a9-6b01-4a77-967b-28f6606ce40e",
    "data": [
      {
        "text": "please repeat",
        "userDefined": false
      }
    ],
    "isTemplate": false,
    "count": 0,
    "updated": 1523453823
  },
  {
    "id": "d5d1dd6c-f3f7-42ad-b5fe-801dafc5585c",
    "data": [
      {
        "text": "repeat ",
        "userDefined": false
      },
      {
        "text": "it",
        "meta": "@sys.ignore",
        "userDefined": false
      },
      {
        "text": " please",
        "userDefined": false
      }
    ],
    "isTemplate": false,
    "count": 0,
    "updated": 1523453823
  },
  {
    "id": "418a6126-60cf-40b4-aae8-e873506ae242",
    "data": [
      {
        "text": "pardon please",
        "userDefined": false
      }
    ],
    "isTemplate": false,
    "count": 0,
    "updated": 1523453823
  },
  {
    "id": "372c7adf-3345-4b41-9947-1dfddf681037",
    "data": [
      {
        "text": "sorry can u repeat ",
        "userDefined": false
      },
      {
        "text": "it",
        "meta": "@sys.ignore",
        "userDefined": false
      },
      {
        "text": " again",
        "userDefined": false
      }
    ],
    "isTemplate": false,
    "count": 0,
    "updated": 1523453823
  }
]