[
  {
    "id": "1816b0ef-ce70-472a-8e55-2bcf8812a27c",
    "data": [
      {
        "text": "seats for 1st year",
        "userDefined": false
      }
    ],
    "isTemplate": false,
    "count": 0,
    "updated": 1523857420
  },
  {
    "id": "62cd5a0a-77de-4fcc-875d-1f1e70a4dd4b",
    "data": [
      {
        "text": "how many seats are there in ",
        "userDefined": false
      },
      {
        "text": "this college",
        "alias": "college",
        "meta": "@college",
        "userDefined": false
      },
      {
        "text": "?",
        "userDefined": false
      }
    ],
    "isTemplate": false,
    "count": 0,
    "updated": 1526018202
  },
  {
    "id": "692fcf7d-bbc1-4a34-b44d-5991436fc60e",
    "data": [
      {
        "text": "seats",
        "userDefined": false
      }
    ],
    "isTemplate": false,
    "count": 0,
    "updated": 1523457897
  },
  {
    "id": "b1db9844-6973-454b-9757-bac121127123",
    "data": [
      {
        "text": "seats in ",
        "userDefined": false
      },
      {
        "text": "jecrc",
        "alias": "college",
        "meta": "@college",
        "userDefined": false
      }
    ],
    "isTemplate": false,
    "count": 0,
    "updated": 1523857420
  }
]