[
  {
    "id": "002b14f7-7f26-4645-8e4f-f92b493a0a6a",
    "data": [
      {
        "text": "is",
        "userDefined": false
      }
    ],
    "isTemplate": false,
    "count": 0,
    "updated": 1523608283
  },
  {
    "id": "f53adc96-3519-49b9-bd37-b46e251cbe41",
    "data": [
      {
        "text": "a",
        "userDefined": false
      }
    ],
    "isTemplate": false,
    "count": 0,
    "updated": 1523608283
  },
  {
    "id": "a31ebfad-6de5-45b2-ab8a-606d682edb23",
    "data": [
      {
        "text": "number of students involved",
        "userDefined": false
      }
    ],
    "isTemplate": false,
    "count": 0,
    "updated": 1523608283
  },
  {
    "id": "74e9c755-0de7-4aaa-bf0b-6043d6dfe992",
    "data": [
      {
        "text": "head",
        "userDefined": false
      }
    ],
    "isTemplate": false,
    "count": 0,
    "updated": 1523608283
  },
  {
    "id": "e8943e44-9c13-4501-acc0-8816827f3670",
    "data": [
      {
        "text": "more about ",
        "userDefined": false
      },
      {
        "text": "it",
        "meta": "@sys.ignore",
        "userDefined": false
      }
    ],
    "isTemplate": false,
    "count": 0,
    "updated": 1523608283
  },
  {
    "id": "981f9596-eb70-4858-bec2-ef4fb436b791",
    "data": [
      {
        "text": "major events of fotogra freaks",
        "userDefined": false
      }
    ],
    "isTemplate": false,
    "count": 0,
    "updated": 1523608283
  },
  {
    "id": "8d528237-04f3-4907-a861-f1edaa064592",
    "data": [
      {
        "text": "major events of photogra",
        "userDefined": false
      }
    ],
    "isTemplate": false,
    "count": 0,
    "updated": 1523608283
  },
  {
    "id": "3ed0c239-9e8e-4605-a1cd-f94ffcdd1865",
    "data": [
      {
        "text": "how can i take part in it",
        "userDefined": false
      }
    ],
    "isTemplate": false,
    "count": 0,
    "updated": 1523608283
  },
  {
    "id": "1cd9ff62-dd04-489d-a1f7-c94f0b64c82c",
    "data": [
      {
        "text": "participate",
        "userDefined": false
      }
    ],
    "isTemplate": false,
    "count": 0,
    "updated": 1523608283
  },
  {
    "id": "a2d9ab3e-097a-45aa-8b5e-08807232260e",
    "data": [
      {
        "text": "contact number",
        "userDefined": false
      }
    ],
    "isTemplate": false,
    "count": 0,
    "updated": 1523608283
  },
  {
    "id": "c4144d04-45ef-427e-af92-4e2cbf126845",
    "data": [
      {
        "text": "contact",
        "userDefined": false
      }
    ],
    "isTemplate": false,
    "count": 0,
    "updated": 1523608283
  },
  {
    "id": "024e3d06-f507-4d3b-a03a-ae48620cb145",
    "data": [
      {
        "text": "information",
        "userDefined": false
      }
    ],
    "isTemplate": false,
    "count": 0,
    "updated": 1523608283
  },
  {
    "id": "daae9ab8-9489-403c-9d1e-3db552bbe5f6",
    "data": [
      {
        "text": "more information",
        "userDefined": false
      }
    ],
    "isTemplate": false,
    "count": 0,
    "updated": 1523608283
  }
]