[
  {
    "id": "48f306d5-947f-4ea0-b982-b9b57916e5b7",
    "data": [
      {
        "text": "how can i get higher salary",
        "userDefined": false
      }
    ],
    "isTemplate": false,
    "count": 0,
    "updated": 1527927189
  },
  {
    "id": "af695cc1-5e7c-43aa-bcfd-ed70bf36aec7",
    "data": [
      {
        "text": "better placement oppurtunity",
        "userDefined": false
      }
    ],
    "isTemplate": false,
    "count": 0,
    "updated": 1527927189
  },
  {
    "id": "904861d6-2edc-42b9-8c54-87a908e02049",
    "data": [
      {
        "text": "how can i get good placement",
        "userDefined": false
      }
    ],
    "isTemplate": false,
    "count": 0,
    "updated": 1527927189
  },
  {
    "id": "e006f77e-c19f-4e54-b2ab-80d933bb2384",
    "data": [
      {
        "text": "how can i do well",
        "userDefined": false
      }
    ],
    "isTemplate": false,
    "count": 0,
    "updated": 1527927189
  }
]