[
  {
    "id": "9e4fd6b4-2ce9-4548-8ef3-7c1108c20b51",
    "data": [
      {
        "text": "total students placed?",
        "userDefined": false
      }
    ],
    "isTemplate": false,
    "count": 0,
    "updated": 1523548424
  },
  {
    "id": "8bd48c12-1bf9-4c05-b6ba-c51748befe2a",
    "data": [
      {
        "text": "companies",
        "userDefined": false
      }
    ],
    "isTemplate": false,
    "count": 0,
    "updated": 1523548424
  },
  {
    "id": "79ef97a8-db66-466d-b880-0f2a605fa8ac",
    "data": [
      {
        "text": "average package",
        "userDefined": false
      }
    ],
    "isTemplate": false,
    "count": 0,
    "updated": 1523548424
  },
  {
    "id": "236292e5-70b1-4a02-8b42-0af7002ff0a6",
    "data": [
      {
        "text": "highest package",
        "userDefined": false
      }
    ],
    "isTemplate": false,
    "count": 0,
    "updated": 1523548424
  },
  {
    "id": "fa995234-2fff-4950-a942-4373efd58c93",
    "data": [
      {
        "text": "last year",
        "meta": "@sys.ignore",
        "userDefined": false
      },
      {
        "text": " placements",
        "userDefined": false
      }
    ],
    "isTemplate": false,
    "count": 0,
    "updated": 1523548424
  },
  {
    "id": "2dd50d06-7da9-4714-8c50-ee12762c7aa5",
    "data": [
      {
        "text": "placements",
        "userDefined": false
      }
    ],
    "isTemplate": false,
    "count": 0,
    "updated": 1523548424
  },
  {
    "id": "f40cc1a3-7913-4fb3-a22c-cb9d42d5e1fd",
    "data": [
      {
        "text": "placements at jecrc",
        "userDefined": false
      }
    ],
    "isTemplate": false,
    "count": 0,
    "updated": 1523548424
  },
  {
    "id": "1cc0eefa-2bd4-4ba2-a513-a08bc3d24528",
    "data": [
      {
        "text": "total number of offers",
        "userDefined": false
      }
    ],
    "isTemplate": false,
    "count": 0,
    "updated": 1523548424
  }
]