[
  {
    "id": "d7a69b58-3313-4674-b111-2c774ece1479",
    "data": [
      {
        "text": "can you please repeat ",
        "userDefined": false
      },
      {
        "text": "it",
        "meta": "@sys.ignore",
        "userDefined": false
      },
      {
        "text": " again",
        "userDefined": false
      }
    ],
    "isTemplate": false,
    "count": 0,
    "updated": 1524376996
  },
  {
    "id": "64d320a2-fff1-4401-b604-5541d76ec136",
    "data": [
      {
        "text": "say ",
        "userDefined": false
      },
      {
        "text": "it",
        "meta": "@sys.ignore",
        "userDefined": false
      },
      {
        "text": " again",
        "userDefined": false
      }
    ],
    "isTemplate": false,
    "count": 0,
    "updated": 1524376996
  },
  {
    "id": "fef459a5-4e7b-4eeb-a2cd-1c2956fcffe7",
    "data": [
      {
        "text": "again",
        "userDefined": false
      }
    ],
    "isTemplate": false,
    "count": 0,
    "updated": 1524376996
  },
  {
    "id": "13f3bc31-aff1-470d-b94e-8138f2256dd1",
    "data": [
      {
        "text": "repeat ",
        "userDefined": false
      },
      {
        "text": "it",
        "meta": "@sys.ignore",
        "userDefined": false
      }
    ],
    "isTemplate": false,
    "count": 0,
    "updated": 1524376996
  },
  {
    "id": "f6a00c44-8ce7-46ab-85bd-4fb47f9ba6c5",
    "data": [
      {
        "text": "sorry",
        "userDefined": false
      }
    ],
    "isTemplate": false,
    "count": 0,
    "updated": 1524376996
  }
]