[
  {
    "id": "3a81c4df-4dca-4834-b20b-ce9b80d0edf0",
    "data": [
      {
        "text": "companies",
        "userDefined": false
      }
    ],
    "isTemplate": false,
    "count": 0,
    "updated": 1527926599
  },
  {
    "id": "7654cd5c-cfdf-4d22-a0ba-fd3ae8a4bf8a",
    "data": [
      {
        "text": "jobs",
        "userDefined": false
      }
    ],
    "isTemplate": false,
    "count": 0,
    "updated": 1527926599
  },
  {
    "id": "e0a60d87-482e-4287-ad6b-3e052d868a2a",
    "data": [
      {
        "text": "campus recruitment",
        "userDefined": false
      }
    ],
    "isTemplate": false,
    "count": 0,
    "updated": 1527926599
  },
  {
    "id": "2f382716-3111-45df-9734-e2e575f3f595",
    "data": [
      {
        "text": "recruiter",
        "userDefined": false
      }
    ],
    "isTemplate": false,
    "count": 0,
    "updated": 1527926599
  },
  {
    "id": "19e1e061-e5fe-4d4f-8c2a-6d111502b373",
    "data": [
      {
        "text": "student placed in campus?",
        "userDefined": false
      }
    ],
    "isTemplate": false,
    "count": 0,
    "updated": 1527926599
  },
  {
    "id": "50135c43-68fb-4727-837e-e59692cb3344",
    "data": [
      {
        "text": "total number of offers",
        "userDefined": false
      }
    ],
    "isTemplate": false,
    "count": 0,
    "updated": 1527926599
  },
  {
    "id": "51540d33-7c41-4259-bf2c-7d5ef4977c69",
    "data": [
      {
        "text": "total students placed?",
        "userDefined": false
      }
    ],
    "isTemplate": false,
    "count": 0,
    "updated": 1527926599
  },
  {
    "id": "377873a6-f288-4c0e-bf02-2a34f83c3f13",
    "data": [
      {
        "text": "placements",
        "userDefined": false
      }
    ],
    "isTemplate": false,
    "count": 0,
    "updated": 1527926599
  },
  {
    "id": "6e76fd63-c4e2-40db-b245-773469d9a7c0",
    "data": [
      {
        "text": "ratio of student placed",
        "userDefined": false
      }
    ],
    "isTemplate": false,
    "count": 0,
    "updated": 1527926599
  },
  {
    "id": "21bf01bc-8fe2-4726-83b6-51ef3e5a35de",
    "data": [
      {
        "text": "highest package",
        "userDefined": false
      }
    ],
    "isTemplate": false,
    "count": 0,
    "updated": 1527926599
  },
  {
    "id": "c5d0b268-50d3-4ff0-8e10-95d9a4aa684f",
    "data": [
      {
        "text": "overall placement scenario",
        "userDefined": false
      }
    ],
    "isTemplate": false,
    "count": 0,
    "updated": 1527926599
  },
  {
    "id": "a1fcf5c5-a8bb-454d-a256-f018da1992c7",
    "data": [
      {
        "text": "last year",
        "meta": "@sys.ignore",
        "userDefined": false
      },
      {
        "text": " placements",
        "userDefined": false
      }
    ],
    "isTemplate": false,
    "count": 0,
    "updated": 1527926599
  },
  {
    "id": "7458ae4a-3db0-48f4-8351-791730d5f0ee",
    "data": [
      {
        "text": "placements at jecrc",
        "userDefined": false
      }
    ],
    "isTemplate": false,
    "count": 0,
    "updated": 1527926599
  },
  {
    "id": "7ce4b0fa-6d85-413c-909e-83d9f60d061d",
    "data": [
      {
        "text": "placement track record",
        "userDefined": false
      }
    ],
    "isTemplate": false,
    "count": 0,
    "updated": 1527926599
  },
  {
    "id": "0eb36774-c0a5-4617-9976-465c706463f7",
    "data": [
      {
        "text": "job oppurtunity",
        "userDefined": false
      }
    ],
    "isTemplate": false,
    "count": 0,
    "updated": 1527926599
  },
  {
    "id": "022268ef-65b6-46f2-9b67-0e98091d03da",
    "data": [
      {
        "text": "placement ratio in ",
        "userDefined": false
      },
      {
        "text": "jecrc",
        "alias": "college",
        "meta": "@college",
        "userDefined": false
      },
      {
        "text": "?",
        "userDefined": false
      }
    ],
    "isTemplate": false,
    "count": 0,
    "updated": 1527926599
  },
  {
    "id": "a0abd6d6-a55f-4664-8c9a-258c40878586",
    "data": [
      {
        "text": "average package",
        "userDefined": false
      }
    ],
    "isTemplate": false,
    "count": 0,
    "updated": 1527926599
  }
]