[
  {
    "id": "f6201279-d469-4e5b-8646-401caa97e760",
    "data": [
      {
        "text": "ragging",
        "userDefined": false
      }
    ],
    "isTemplate": false,
    "count": 0,
    "updated": 1524140683
  },
  {
    "id": "e505a7b5-d371-4ae6-b1f0-8099a312e5ae",
    "data": [
      {
        "text": "anti ragging",
        "userDefined": false
      }
    ],
    "isTemplate": false,
    "count": 0,
    "updated": 1524140683
  },
  {
    "id": "1e9d3ae0-a3cd-4574-8924-4c91dfb7af3b",
    "data": [
      {
        "text": "ragging commitee",
        "userDefined": false
      }
    ],
    "isTemplate": false,
    "count": 0,
    "updated": 1524140683
  },
  {
    "id": "7a1bde59-d438-44d3-a365-bf4386b22eba",
    "data": [
      {
        "text": "anti ragging comitee",
        "userDefined": false
      }
    ],
    "isTemplate": false,
    "count": 0,
    "updated": 1524140683
  }
]