[
  {
    "id": "e2318c63-0282-424f-80bd-5d091011cd17",
    "data": [
      {
        "text": "spiritual centre",
        "meta": "@sys.ignore",
        "userDefined": false
      }
    ],
    "isTemplate": false,
    "count": 0,
    "updated": 1527359907
  },
  {
    "id": "88771d34-fad1-420c-a480-cf5923a02fd5",
    "data": [
      {
        "text": "spiritual center",
        "meta": "@sys.ignore",
        "userDefined": false
      }
    ],
    "isTemplate": false,
    "count": 0,
    "updated": 1527359907
  },
  {
    "id": "8efe3ae2-3f4f-4ef4-83f3-e94e3568fb2c",
    "data": [
      {
        "text": "spiritual cell",
        "userDefined": false
      }
    ],
    "isTemplate": false,
    "count": 0,
    "updated": 1527359907
  },
  {
    "id": "3308ae12-652d-469c-bb74-4e6658f5377a",
    "data": [
      {
        "text": "peace center",
        "meta": "@sys.ignore",
        "userDefined": false
      }
    ],
    "isTemplate": false,
    "count": 0,
    "updated": 1527359907
  },
  {
    "id": "f2d334d2-f25f-48a7-a73e-833da5955b7c",
    "data": [
      {
        "text": "spirit",
        "userDefined": false
      }
    ],
    "isTemplate": false,
    "count": 0,
    "updated": 1527359907
  },
  {
    "id": "7cfe6606-2eba-4e75-882f-435a4d786f89",
    "data": [
      {
        "text": "peace centre",
        "meta": "@sys.ignore",
        "userDefined": false
      }
    ],
    "isTemplate": false,
    "count": 0,
    "updated": 1527359907
  }
]