[
  {
    "id": "0ad6ad2c-8a04-4f94-b6e2-0c98747eb113",
    "data": [
      {
        "text": "aenterprenurship",
        "userDefined": false
      }
    ],
    "isTemplate": false,
    "count": 0,
    "updated": 1523805946
  },
  {
    "id": "a611dfa5-7bfc-4127-8a7a-492edd9e79de",
    "data": [
      {
        "text": "startup",
        "userDefined": false
      }
    ],
    "isTemplate": false,
    "count": 0,
    "updated": 1523805946
  },
  {
    "id": "9db57014-f2fc-4ed0-b71b-400649a9ab75",
    "data": [
      {
        "text": "enterprenurship",
        "userDefined": false
      }
    ],
    "isTemplate": false,
    "count": 0,
    "updated": 1523805946
  },
  {
    "id": "8dd22ad9-ec2c-44e2-96b3-2362079f6620",
    "data": [
      {
        "text": "how many students have started their startup in ",
        "userDefined": false
      },
      {
        "text": "jecrc",
        "alias": "college",
        "meta": "@college",
        "userDefined": false
      }
    ],
    "isTemplate": false,
    "count": 0,
    "updated": 1524380639
  },
  {
    "id": "6062601d-755d-41b5-9438-4353df49efe7",
    "data": [
      {
        "text": "startup at ",
        "userDefined": false
      },
      {
        "text": "jecrc",
        "alias": "college",
        "meta": "@college",
        "userDefined": false
      }
    ],
    "isTemplate": false,
    "count": 0,
    "updated": 1523805946
  },
  {
    "id": "bd937ca4-1b2c-402b-90ae-846809673557",
    "data": [
      {
        "text": "startups",
        "userDefined": false
      }
    ],
    "isTemplate": false,
    "count": 0,
    "updated": 1523805946
  }
]