[
  {
    "id": "cc4f9fa5-b1a6-4e80-996c-1c466f6d0aa5",
    "data": [
      {
        "text": "teachers educational qualification",
        "userDefined": false
      }
    ],
    "isTemplate": false,
    "count": 0,
    "updated": 1536932047
  },
  {
    "id": "0989460e-fef9-4279-9265-d13a1d6b46f7",
    "data": [
      {
        "text": "faculty at jecrc",
        "userDefined": false
      }
    ],
    "isTemplate": false,
    "count": 0,
    "updated": 1536932047
  },
  {
    "id": "935bd122-5ea3-4afd-8f9e-076370ca7c87",
    "data": [
      {
        "text": "teachers at jecrc",
        "userDefined": false
      }
    ],
    "isTemplate": false,
    "count": 0,
    "updated": 1536932047
  },
  {
    "id": "1c25cd49-d1ca-44d7-a315-9da819a6a447",
    "data": [
      {
        "text": "faculties qualification",
        "userDefined": false
      }
    ],
    "isTemplate": false,
    "count": 0,
    "updated": 1536932047
  }
]