[
  {
    "id": "b9cbc60b-5790-4a4a-aa73-1b7a84250695",
    "data": [
      {
        "text": "say ",
        "userDefined": false
      },
      {
        "text": "it",
        "meta": "@sys.ignore",
        "userDefined": false
      },
      {
        "text": " again",
        "userDefined": false
      }
    ],
    "isTemplate": false,
    "count": 0,
    "updated": 1523776986
  },
  {
    "id": "4a3c83ca-7c3e-4d32-be5e-50f06ac599f9",
    "data": [
      {
        "text": "sorry",
        "userDefined": false
      }
    ],
    "isTemplate": false,
    "count": 0,
    "updated": 1523776986
  },
  {
    "id": "54fe2859-64f7-487a-869d-c6fd2716c5e7",
    "data": [
      {
        "text": "repeat ",
        "userDefined": false
      },
      {
        "text": "it",
        "meta": "@sys.ignore",
        "userDefined": false
      },
      {
        "text": " again",
        "userDefined": false
      }
    ],
    "isTemplate": false,
    "count": 0,
    "updated": 1523776986
  },
  {
    "id": "bee43400-de27-485d-981b-4fe0dc4e2b4e",
    "data": [
      {
        "text": "pardon",
        "userDefined": false
      }
    ],
    "isTemplate": false,
    "count": 0,
    "updated": 1523776986
  },
  {
    "id": "928ce262-dccc-4da1-abbd-76b4e318d3dc",
    "data": [
      {
        "text": "what",
        "userDefined": false
      }
    ],
    "isTemplate": false,
    "count": 0,
    "updated": 1523776986
  }
]