[
  {
    "id": "57591b77-b1f6-4cbc-a0a2-fa528ec0ca3a",
    "data": [
      {
        "text": "number of students involved",
        "userDefined": false
      }
    ],
    "isTemplate": false,
    "count": 0,
    "updated": 1523607940
  },
  {
    "id": "088ed208-4455-4cc7-b3e4-e690aaaf11c5",
    "data": [
      {
        "text": "head",
        "userDefined": false
      }
    ],
    "isTemplate": false,
    "count": 0,
    "updated": 1523607940
  },
  {
    "id": "c4933a63-d91c-4361-ac55-3baa2cab997f",
    "data": [
      {
        "text": "soch",
        "userDefined": false
      }
    ],
    "isTemplate": false,
    "count": 0,
    "updated": 1523537993
  },
  {
    "id": "d439d475-9ec7-45b8-9760-ee8a157a6502",
    "data": [
      {
        "text": "major events of soch",
        "userDefined": false
      }
    ],
    "isTemplate": false,
    "count": 0,
    "updated": 1523537993
  },
  {
    "id": "fab1baae-42b8-409d-88f7-a3fba381daf2",
    "data": [
      {
        "text": "information",
        "userDefined": false
      }
    ],
    "isTemplate": false,
    "count": 0,
    "updated": 1523537993
  },
  {
    "id": "94b5fa85-f204-415a-9812-f036de63a2a6",
    "data": [
      {
        "text": "more about ",
        "userDefined": false
      },
      {
        "text": "it",
        "meta": "@sys.ignore",
        "userDefined": false
      }
    ],
    "isTemplate": false,
    "count": 0,
    "updated": 1523537993
  }
]