[
  {
    "id": "c26ccae6-61b3-4008-b1fe-26d741517f9b",
    "data": [
      {
        "text": "can you please tell me about tfws criteria of seat",
        "userDefined": false
      }
    ],
    "isTemplate": false,
    "count": 0,
    "updated": 1524562856
  },
  {
    "id": "55673253-d0e5-4486-bd88-34a607c0810a",
    "data": [
      {
        "text": "tfws criteria",
        "userDefined": false
      }
    ],
    "isTemplate": false,
    "count": 0,
    "updated": 1524562856
  },
  {
    "id": "10c639b9-e25b-4b6f-aa67-282581c97157",
    "data": [
      {
        "text": "tfws in ",
        "userDefined": false
      },
      {
        "text": "jecrc",
        "alias": "college",
        "meta": "@college",
        "userDefined": false
      }
    ],
    "isTemplate": false,
    "count": 0,
    "updated": 1524562856
  },
  {
    "id": "80924839-7ae2-4758-add3-6273551f97ae",
    "data": [
      {
        "text": "tfws",
        "userDefined": false
      }
    ],
    "isTemplate": false,
    "count": 0,
    "updated": 1524562856
  },
  {
    "id": "9b66c5c5-702e-4077-b306-116a12553a90",
    "data": [
      {
        "text": "tfws scheme",
        "userDefined": false
      }
    ],
    "isTemplate": false,
    "count": 0,
    "updated": 1524562856
  },
  {
    "id": "9938dadc-b25b-4787-903b-fc6fd800283d",
    "data": [
      {
        "text": "tfws seat in college",
        "userDefined": false
      }
    ],
    "isTemplate": false,
    "count": 0,
    "updated": 1524562856
  }
]