[
  {
    "id": "a2edb9cb-2e4c-482c-8435-999a8f1422ee",
    "data": [
      {
        "text": "Thanks for guiding ",
        "userDefined": false
      },
      {
        "text": "me",
        "meta": "@sys.ignore",
        "userDefined": false
      }
    ],
    "isTemplate": false,
    "count": 0,
    "updated": 1527961455
  },
  {
    "id": "c786c3e2-912c-4a71-9469-7abdb24ef6e7",
    "data": [
      {
        "text": "Thank you for your precious time",
        "userDefined": false
      }
    ],
    "isTemplate": false,
    "count": 0,
    "updated": 1527961455
  },
  {
    "id": "92daa398-ea55-4afa-9fd1-966584f8b784",
    "data": [
      {
        "text": "Thanks for talking with me",
        "userDefined": false
      }
    ],
    "isTemplate": false,
    "count": 0,
    "updated": 1527961455
  },
  {
    "id": "01754c0f-47fe-4c25-b039-a319293af66e",
    "data": [
      {
        "text": "Thank you",
        "userDefined": false
      }
    ],
    "isTemplate": false,
    "count": 0,
    "updated": 1527961455
  },
  {
    "id": "1763524d-b0e2-43fa-ad7d-e3f141bbad3f",
    "data": [
      {
        "text": "Thanks",
        "userDefined": false
      }
    ],
    "isTemplate": false,
    "count": 0,
    "updated": 1527961455
  },
  {
    "id": "bec7b942-14bc-45db-9853-b9804db6b9b7",
    "data": [
      {
        "text": "Thank you so much",
        "userDefined": false
      }
    ],
    "isTemplate": false,
    "count": 0,
    "updated": 1527961455
  },
  {
    "id": "2afce9d1-1b5f-4c97-b459-87ee03110230",
    "data": [
      {
        "text": "Thank you for your support",
        "userDefined": false
      }
    ],
    "isTemplate": false,
    "count": 0,
    "updated": 1527961455
  },
  {
    "id": "7808839a-ef63-4e2a-bd02-a113b1899210",
    "data": [
      {
        "text": "Thanks for guidance",
        "userDefined": false
      }
    ],
    "isTemplate": false,
    "count": 0,
    "updated": 1527961455
  },
  {
    "id": "79331d12-e30b-468a-bc1f-5c3ffbdfdce0",
    "data": [
      {
        "text": "Thanks to you",
        "userDefined": false
      }
    ],
    "isTemplate": false,
    "count": 0,
    "updated": 1527961455
  }
]