[
  {
    "id": "8f535840-6f62-4df4-a990-8913981fd91b",
    "data": [
      {
        "text": "distinguish between 1st shift and ",
        "userDefined": false
      },
      {
        "text": "2",
        "meta": "@sys.ignore",
        "userDefined": false
      },
      {
        "text": "nd shift",
        "userDefined": false
      }
    ],
    "isTemplate": false,
    "count": 0,
    "updated": 1524379250
  },
  {
    "id": "9f7eb1c0-5f60-483e-83b0-1ea4590ae905",
    "data": [
      {
        "text": " difference between 1st shift and 2nd shift",
        "userDefined": false
      }
    ],
    "isTemplate": false,
    "count": 0,
    "updated": 1524379250
  },
  {
    "id": "386ce203-7ceb-4cab-9a04-de5cd95fc73f",
    "data": [
      {
        "text": "timing of colleges",
        "userDefined": false
      }
    ],
    "isTemplate": false,
    "count": 0,
    "updated": 1524379250
  },
  {
    "id": "931ee6c5-eb41-42e1-a4c8-4b616486f2e8",
    "data": [
      {
        "text": "time difference between ",
        "userDefined": false
      },
      {
        "text": "1",
        "meta": "@sys.ignore",
        "userDefined": false
      },
      {
        "text": "st shift and ",
        "userDefined": false
      },
      {
        "text": "2",
        "meta": "@sys.ignore",
        "userDefined": false
      },
      {
        "text": "nd shift",
        "userDefined": false
      }
    ],
    "isTemplate": false,
    "count": 0,
    "updated": 1524379250
  },
  {
    "id": "6512f47a-0be7-4967-8c1e-9684bbc787bf",
    "data": [
      {
        "text": "timing difference between shifts",
        "userDefined": false
      }
    ],
    "isTemplate": false,
    "count": 0,
    "updated": 1524379250
  }
]