[
  {
    "id": "eca19d76-4aeb-45ee-b2c1-15a368a5db91",
    "data": [
      {
        "text": " uniform in college",
        "userDefined": false
      }
    ],
    "isTemplate": false,
    "count": 0,
    "updated": 1524374707
  },
  {
    "id": "0ebf54be-b22c-4d78-8ce4-c501258a5331",
    "data": [
      {
        "text": "dress",
        "userDefined": false
      }
    ],
    "isTemplate": false,
    "count": 0,
    "updated": 1524304143
  },
  {
    "id": "6cb19164-31e2-41c5-a20a-a21400546f9b",
    "data": [
      {
        "text": "dress code",
        "userDefined": false
      }
    ],
    "isTemplate": false,
    "count": 0,
    "updated": 1524304143
  },
  {
    "id": "dce99904-458c-48d7-91b3-dc86025749c1",
    "data": [
      {
        "text": "uniform",
        "userDefined": false
      }
    ],
    "isTemplate": false,
    "count": 0,
    "updated": 1524304143
  }
]