[
  {
    "id": "c481de9f-61f9-41fb-aeac-eb12b8b690f4",
    "data": [
      {
        "text": "what is the weather in ",
        "userDefined": false
      },
      {
        "text": "jaipur",
        "alias": "geo-city",
        "meta": "@sys.geo-city",
        "userDefined": false
      },
      {
        "text": " ",
        "userDefined": false
      },
      {
        "text": "today",
        "alias": "date",
        "meta": "@sys.date",
        "userDefined": false
      }
    ],
    "isTemplate": false,
    "count": 0,
    "updated": 1527328338
  },
  {
    "id": "ddb5045b-a5f4-4bb7-a496-2c364d7d859c",
    "data": [
      {
        "text": "what is the weather in ",
        "userDefined": false
      },
      {
        "text": "india",
        "alias": "geo-country",
        "meta": "@sys.geo-country",
        "userDefined": false
      }
    ],
    "isTemplate": false,
    "count": 0,
    "updated": 1527328338
  },
  {
    "id": "30a36da0-ba86-48a1-81e1-eaf6f080e587",
    "data": [
      {
        "text": "london",
        "alias": "geo-city",
        "meta": "@sys.geo-city",
        "userDefined": false
      },
      {
        "text": " weather",
        "userDefined": false
      }
    ],
    "isTemplate": false,
    "count": 0,
    "updated": 1527328338
  },
  {
    "id": "5e33adbc-d0ba-4c13-8268-d8b8418d9764",
    "data": [
      {
        "text": "weather forecast at ",
        "userDefined": false
      },
      {
        "text": "jaipur",
        "alias": "geo-city",
        "meta": "@sys.geo-city",
        "userDefined": true
      }
    ],
    "isTemplate": false,
    "count": 0,
    "updated": 1527328338
  },
  {
    "id": "3529fc30-172b-4dc4-980c-fa28097a4fba",
    "data": [
      {
        "text": "Tell me about the weather",
        "userDefined": false
      }
    ],
    "isTemplate": false,
    "count": 0,
    "updated": 1527328338
  },
  {
    "id": "d4b0b4a6-3993-4c12-9d54-6981e147ce9a",
    "data": [
      {
        "text": "what will be the weather ",
        "userDefined": false
      },
      {
        "text": "after two days",
        "alias": "date",
        "meta": "@sys.date",
        "userDefined": false
      }
    ],
    "isTemplate": false,
    "count": 0,
    "updated": 1527328338
  },
  {
    "id": "94683a34-3dfc-4347-a109-ff234307ba09",
    "data": [
      {
        "text": "todays weather in ",
        "userDefined": false
      },
      {
        "text": "jaipur",
        "alias": "geo-city",
        "meta": "@sys.geo-city",
        "userDefined": true
      }
    ],
    "isTemplate": false,
    "count": 0,
    "updated": 1527328338
  },
  {
    "id": "fcf30678-a98f-4f08-b82e-fbaf6856d0a6",
    "data": [
      {
        "text": "climate report in ",
        "userDefined": false
      },
      {
        "text": "jaipur",
        "alias": "geo-city",
        "meta": "@sys.geo-city",
        "userDefined": true
      }
    ],
    "isTemplate": false,
    "count": 0,
    "updated": 1527328338
  },
  {
    "id": "52faf62e-f4b0-4c8c-bf9a-a1aa5d203cf2",
    "data": [
      {
        "text": "what will be weather ",
        "userDefined": false
      },
      {
        "text": "tomorrow",
        "alias": "date",
        "meta": "@sys.date",
        "userDefined": false
      },
      {
        "text": " in ",
        "userDefined": false
      },
      {
        "text": "delhi",
        "alias": "geo-city",
        "meta": "@sys.geo-city",
        "userDefined": false
      }
    ],
    "isTemplate": false,
    "count": 0,
    "updated": 1527328338
  },
  {
    "id": "3ef3fc31-4a63-4502-b155-b4e557e33112",
    "data": [
      {
        "text": "weather ",
        "userDefined": false
      },
      {
        "text": "Banswara",
        "alias": "geo-city",
        "meta": "@sys.geo-city",
        "userDefined": true
      }
    ],
    "isTemplate": false,
    "count": 0,
    "updated": 1527328338
  },
  {
    "id": "843f9bbf-450c-4dd9-bf50-570a5682aed2",
    "data": [
      {
        "text": "weather at ",
        "userDefined": false
      },
      {
        "text": "pune",
        "alias": "geo-city",
        "meta": "@sys.geo-city",
        "userDefined": false
      }
    ],
    "isTemplate": false,
    "count": 0,
    "updated": 1527328338
  },
  {
    "id": "7de10c6e-0bed-4563-ad6a-7df59fb9031c",
    "data": [
      {
        "text": "Temperature in ",
        "userDefined": false
      },
      {
        "text": "jaipur",
        "alias": "geo-city",
        "meta": "@sys.geo-city",
        "userDefined": false
      }
    ],
    "isTemplate": false,
    "count": 0,
    "updated": 1531978828
  },
  {
    "id": "ec30a0fb-18ce-4413-b4b2-e720e4a2a4ec",
    "data": [
      {
        "text": "aaj ka mausam  ",
        "userDefined": false
      },
      {
        "text": "jaipur",
        "alias": "geo-city",
        "meta": "@sys.geo-city",
        "userDefined": true
      },
      {
        "text": " mai",
        "userDefined": false
      }
    ],
    "isTemplate": false,
    "count": 0,
    "updated": 1527328338
  },
  {
    "id": "abc85ead-13e4-49b1-a948-d7e85653d1cc",
    "data": [
      {
        "text": "weather in ",
        "userDefined": false
      },
      {
        "text": "usa",
        "alias": "geo-country",
        "meta": "@sys.geo-country",
        "userDefined": false
      }
    ],
    "isTemplate": false,
    "count": 1,
    "updated": 1527328338
  },
  {
    "id": "fbdba590-766e-4012-ba65-b1d57b6836b0",
    "data": [
      {
        "text": "will it rain ",
        "userDefined": false
      },
      {
        "text": "today",
        "alias": "date",
        "meta": "@sys.date",
        "userDefined": false
      },
      {
        "text": " in ",
        "userDefined": false
      },
      {
        "text": "new york",
        "alias": "geo-city",
        "meta": "@sys.geo-city",
        "userDefined": false
      }
    ],
    "isTemplate": false,
    "count": 0,
    "updated": 1527328338
  },
  {
    "id": "b905e5ed-f9b1-4bab-8015-3760abf95c56",
    "data": [
      {
        "text": "what is the weather ",
        "userDefined": false
      },
      {
        "text": "today",
        "alias": "date",
        "meta": "@sys.date",
        "userDefined": false
      }
    ],
    "isTemplate": false,
    "count": 0,
    "updated": 1527328338
  },
  {
    "id": "fdcb0a8d-8e2d-4481-b0c4-c463bb2f733d",
    "data": [
      {
        "text": "what is weather condition in ",
        "userDefined": false
      },
      {
        "text": "jaipur",
        "alias": "geo-city",
        "meta": "@sys.geo-city",
        "userDefined": true
      }
    ],
    "isTemplate": false,
    "count": 0,
    "updated": 1527328338
  }
]