[
  {
    "id": "d0908e32-e483-4b04-8e7b-6dcd3bb68447",
    "data": [
      {
        "text": "whats up",
        "userDefined": false
      }
    ],
    "isTemplate": false,
    "count": 0,
    "updated": 1527950249
  },
  {
    "id": "39d4556d-e420-48e2-be22-70655adb5c97",
    "data": [
      {
        "text": "whats going",
        "userDefined": false
      }
    ],
    "isTemplate": false,
    "count": 0,
    "updated": 1527328561
  },
  {
    "id": "13fa2bde-5ac2-416e-b471-41bcfd05ea45",
    "data": [
      {
        "text": "whats going on",
        "userDefined": false
      }
    ],
    "isTemplate": false,
    "count": 0,
    "updated": 1527328561
  }
]