[
  {
    "id": "141679ed-d1e6-48dd-8dfd-af2613f0c941",
    "data": [
      {
        "text": "number of students involved",
        "userDefined": false
      }
    ],
    "isTemplate": false,
    "count": 0,
    "updated": 1523607995
  },
  {
    "id": "a4010bf4-7505-4940-8e69-31c239c0e177",
    "data": [
      {
        "text": "head",
        "userDefined": false
      }
    ],
    "isTemplate": false,
    "count": 0,
    "updated": 1523607995
  },
  {
    "id": "d6108315-686c-4f9e-afba-bcdfaf18e487",
    "data": [
      {
        "text": "details",
        "userDefined": false
      }
    ],
    "isTemplate": false,
    "count": 0,
    "updated": 1523538284
  },
  {
    "id": "3503d8cf-46c6-4bc6-844c-d2ad47b075eb",
    "data": [
      {
        "text": "further details",
        "userDefined": false
      }
    ],
    "isTemplate": false,
    "count": 0,
    "updated": 1523538284
  },
  {
    "id": "bd46ef17-2576-4350-8262-a908a410e081",
    "data": [
      {
        "text": "take part in ",
        "userDefined": false
      },
      {
        "text": "it",
        "meta": "@sys.ignore",
        "userDefined": false
      }
    ],
    "isTemplate": false,
    "count": 0,
    "updated": 1523538284
  },
  {
    "id": "5288c01f-01ba-40fb-a8f8-7b4f17aed13a",
    "data": [
      {
        "text": "contact",
        "userDefined": false
      }
    ],
    "isTemplate": false,
    "count": 0,
    "updated": 1523538284
  },
  {
    "id": "31a190fe-ead6-4f95-88f8-f44865fdd6c0",
    "data": [
      {
        "text": "information",
        "userDefined": false
      }
    ],
    "isTemplate": false,
    "count": 0,
    "updated": 1523538284
  },
  {
    "id": "e697e2ed-e8a8-43b0-8db4-78413648efda",
    "data": [
      {
        "text": "participate",
        "userDefined": false
      }
    ],
    "isTemplate": false,
    "count": 0,
    "updated": 1523538284
  },
  {
    "id": "d575369d-4ec7-44ba-bc10-b2f2f765f70c",
    "data": [
      {
        "text": "major events about suhasini",
        "userDefined": false
      }
    ],
    "isTemplate": false,
    "count": 0,
    "updated": 1523538284
  }
]