[
  {
    "id": "411bdd03-3a04-4646-874a-d1adc74d5b08",
    "data": [
      {
        "text": "again",
        "userDefined": false
      }
    ],
    "isTemplate": false,
    "count": 0,
    "updated": 1523695113
  },
  {
    "id": "1fe344f7-caf5-4337-aea1-35330b8a13d8",
    "data": [
      {
        "text": "pardon",
        "userDefined": false
      }
    ],
    "isTemplate": false,
    "count": 0,
    "updated": 1523695113
  },
  {
    "id": "9c704ba8-926f-4450-a9f2-1aa0fcc7dbb7",
    "data": [
      {
        "text": "repeat ",
        "userDefined": false
      },
      {
        "text": "it",
        "meta": "@sys.ignore",
        "userDefined": false
      },
      {
        "text": " again",
        "userDefined": false
      }
    ],
    "isTemplate": false,
    "count": 0,
    "updated": 1523695113
  },
  {
    "id": "39da8206-2f6e-4433-b30f-226b6be28649",
    "data": [
      {
        "text": "say ",
        "userDefined": false
      },
      {
        "text": "it",
        "meta": "@sys.ignore",
        "userDefined": false
      },
      {
        "text": " again",
        "userDefined": false
      }
    ],
    "isTemplate": false,
    "count": 0,
    "updated": 1523695113
  },
  {
    "id": "435d9266-afd2-4e3e-8e6c-f6a8c49208f7",
    "data": [
      {
        "text": "sorry",
        "userDefined": false
      }
    ],
    "isTemplate": false,
    "count": 0,
    "updated": 1523695113
  },
  {
    "id": "8a739d6c-e60d-4d5f-aa47-c72fcb46a9ec",
    "data": [
      {
        "text": "what",
        "userDefined": false
      }
    ],
    "isTemplate": false,
    "count": 0,
    "updated": 1523695113
  }
]