[
  {
    "id": "985a2252-7f34-4fc9-a3dd-119c8dee1abc",
    "data": [
      {
        "text": "You are smart",
        "userDefined": false
      }
    ],
    "isTemplate": false,
    "count": 0,
    "updated": 1528395107
  },
  {
    "id": "b3d0c96b-154b-47dc-9637-9ab4b012bc12",
    "data": [
      {
        "text": "beautiful",
        "userDefined": false
      }
    ],
    "isTemplate": false,
    "count": 0,
    "updated": 1528395107
  },
  {
    "id": "79830400-ade0-44c8-977e-34603f0a7dfc",
    "data": [
      {
        "text": "smart",
        "userDefined": false
      }
    ],
    "isTemplate": false,
    "count": 0,
    "updated": 1528395107
  },
  {
    "id": "6fbb7423-8e06-4249-8055-9910ceacbe00",
    "data": [
      {
        "text": "clever",
        "userDefined": false
      }
    ],
    "isTemplate": false,
    "count": 0,
    "updated": 1528395107
  },
  {
    "id": "8299eb6b-fec2-4822-92b3-f2bec38fb966",
    "data": [
      {
        "text": "You are beautiful",
        "userDefined": false
      }
    ],
    "isTemplate": false,
    "count": 1,
    "updated": 1528395107
  },
  {
    "id": "adc4866f-3cbe-4422-b96c-159f39931d39",
    "data": [
      {
        "text": "You are technically very good",
        "userDefined": false
      }
    ],
    "isTemplate": false,
    "count": 0,
    "updated": 1528395107
  },
  {
    "id": "5c61747f-c7b5-4be1-b451-82d8f6be6bbb",
    "data": [
      {
        "text": "very nicely",
        "userDefined": false
      }
    ],
    "isTemplate": false,
    "count": 0,
    "updated": 1528395107
  },
  {
    "id": "e545c0a6-2c37-4cdc-bc9b-3bc1de4a6254",
    "data": [
      {
        "text": "good",
        "userDefined": false
      }
    ],
    "isTemplate": false,
    "count": 0,
    "updated": 1528395107
  },
  {
    "id": "79b44df0-6080-40dd-b964-4ab8ce3bc896",
    "data": [
      {
        "text": "awesome",
        "userDefined": false
      }
    ],
    "isTemplate": false,
    "count": 0,
    "updated": 1528395107
  },
  {
    "id": "b378b10f-a9b5-48de-894f-f42b3e3302a6",
    "data": [
      {
        "text": "You are gorgeous",
        "userDefined": false
      }
    ],
    "isTemplate": false,
    "count": 0,
    "updated": 1528395107
  },
  {
    "id": "448ed0b6-4ac8-4d7f-81de-8eb538e6ae5e",
    "data": [
      {
        "text": "nice",
        "userDefined": false
      }
    ],
    "isTemplate": false,
    "count": 0,
    "updated": 1528395107
  },
  {
    "id": "7a465baf-27aa-4c83-be50-f2559522d119",
    "data": [
      {
        "text": "You are clever",
        "userDefined": false
      }
    ],
    "isTemplate": false,
    "count": 0,
    "updated": 1528395107
  },
  {
    "id": "aa9b4ef9-7563-4863-b982-dbf04d4360aa",
    "data": [
      {
        "text": "gorgeous",
        "userDefined": false
      }
    ],
    "isTemplate": false,
    "count": 0,
    "updated": 1528395107
  }
]