[
  {
    "id": "019b904a-88ca-4234-a715-53a8f99bb715",
    "data": [
      {
        "text": "you are happy",
        "userDefined": false
      }
    ],
    "isTemplate": false,
    "count": 0,
    "updated": 1527868463
  },
  {
    "id": "fb954abf-cf14-48ca-ad70-85e464d972ee",
    "data": [
      {
        "text": "are you happy",
        "userDefined": false
      }
    ],
    "isTemplate": false,
    "count": 0,
    "updated": 1527926344
  },
  {
    "id": "71f3a358-6239-4f48-b4de-98ab4909de81",
    "data": [
      {
        "text": "happy",
        "userDefined": false
      }
    ],
    "isTemplate": false,
    "count": 0,
    "updated": 1528390312
  }
]