[
  {
    "id": "70c7edb8-3b06-4080-bc2e-5aa41668f25d",
    "data": [
      {
        "text": "how to apply for zaroorat",
        "userDefined": false
      }
    ],
    "isTemplate": false,
    "count": 0,
    "updated": 1532074217
  },
  {
    "id": "bcd61021-f127-4b4e-9eb8-af356a4158ae",
    "data": [
      {
        "text": "pardon",
        "userDefined": false
      }
    ],
    "isTemplate": false,
    "count": 0,
    "updated": 1523636067
  },
  {
    "id": "daa9a2d1-b599-461f-beb0-80fac10c6613",
    "data": [
      {
        "text": "say ",
        "userDefined": false
      },
      {
        "text": "it",
        "meta": "@sys.ignore",
        "userDefined": false
      },
      {
        "text": " again",
        "userDefined": false
      }
    ],
    "isTemplate": false,
    "count": 0,
    "updated": 1523636067
  },
  {
    "id": "25067eab-fec1-4e0b-874c-50171f52ed86",
    "data": [
      {
        "text": "sorry",
        "userDefined": false
      }
    ],
    "isTemplate": false,
    "count": 0,
    "updated": 1523636067
  },
  {
    "id": "f942a6e5-6aae-40b2-a316-39ed5d0455ba",
    "data": [
      {
        "text": "please again",
        "userDefined": false
      }
    ],
    "isTemplate": false,
    "count": 0,
    "updated": 1523636067
  },
  {
    "id": "b26f0952-7e90-4146-b09e-0ccd4863dec5",
    "data": [
      {
        "text": "repeat",
        "userDefined": false
      }
    ],
    "isTemplate": false,
    "count": 0,
    "updated": 1523636067
  }
]