[
  {
    "id": "07b8f14e-2853-45a3-a459-fabd1f5f52cd",
    "data": [
      {
        "text": "sorry",
        "userDefined": false
      }
    ],
    "isTemplate": false,
    "count": 0,
    "updated": 1523636067
  },
  {
    "id": "dcd88875-6a67-4d9a-8056-7e9f6e089db8",
    "data": [
      {
        "text": "pardon",
        "userDefined": false
      }
    ],
    "isTemplate": false,
    "count": 0,
    "updated": 1523636067
  },
  {
    "id": "22d6a023-e4af-4731-a2af-31106738da91",
    "data": [
      {
        "text": "please again",
        "userDefined": false
      }
    ],
    "isTemplate": false,
    "count": 0,
    "updated": 1523636067
  },
  {
    "id": "1c85d94a-a651-4934-973b-e0a54d6f5042",
    "data": [
      {
        "text": "say ",
        "userDefined": false
      },
      {
        "text": "it",
        "meta": "@sys.ignore",
        "userDefined": false
      },
      {
        "text": " again",
        "userDefined": false
      }
    ],
    "isTemplate": false,
    "count": 0,
    "updated": 1523636067
  },
  {
    "id": "9d36375f-1e35-40b2-9d2e-6c7185137c57",
    "data": [
      {
        "text": "repeat",
        "userDefined": false
      }
    ],
    "isTemplate": false,
    "count": 0,
    "updated": 1523636067
  }
]